reference_date,target,horizon,target_end_date,location,output_type,output_type_id,value
2026-10-10,wk inc rsv hosp,0,2026-10-10,06,quantile,0.01,0.0
2026-10-10,wk inc rsv hosp,0,2026-10-10,06,quantile,0.99,161.0
2026-10-10,wk inc rsv hosp,0,2026-10-10,06,quantile,0.025,0.0
2026-10-10,wk inc rsv hosp,0,2026-10-10,06,quantile,0.975,88.0
2026-10-10,wk inc rsv hosp,0,2026-10-10,06,quantile,0.05,0.0
2026-10-10,wk inc rsv hosp,0,2026-10-10,06,quantile,0.95,45.0
2026-10-10,wk inc rsv hosp,0,2026-10-10,06,quantile,0.1,7.0
2026-10-10,wk inc rsv hosp,0,2026-10-10,06,quantile,0.9,34.0
2026-10-10,wk inc rsv hosp,0,2026-10-10,06,quantile,0.15,11.0
2026-10-10,wk inc rsv hosp,0,2026-10-10,06,quantile,0.85,30.0
2026-10-10,wk inc rsv hosp,0,2026-10-10,06,quantile,0.2,13.0
2026-10-10,wk inc rsv hosp,0,2026-10-10,06,quantile,0.8,28.0
2026-10-10,wk inc rsv hosp,0,2026-10-10,06,quantile,0.25,14.0
2026-10-10,wk inc rsv hosp,0,2026-10-10,06,quantile,0.75,27.0
2026-10-10,wk inc rsv hosp,0,2026-10-10,06,quantile,0.3,15.0
2026-10-10,wk inc rsv hosp,0,2026-10-10,06,quantile,0.7,26.0
2026-10-10,wk inc rsv hosp,0,2026-10-10,06,quantile,0.35,18.0
2026-10-10,wk inc rsv hosp,0,2026-10-10,06,quantile,0.65,23.0
2026-10-10,wk inc rsv hosp,0,2026-10-10,06,quantile,0.4,19.0
2026-10-10,wk inc rsv hosp,0,2026-10-10,06,quantile,0.6,22.0
2026-10-10,wk inc rsv hosp,0,2026-10-10,06,quantile,0.45,20.0
2026-10-10,wk inc rsv hosp,0,2026-10-10,06,quantile,0.55,21.0
2026-10-10,wk inc rsv hosp,0,2026-10-10,06,quantile,0.5,20.0
2026-10-10,wk inc rsv hosp,1,2026-10-17,06,quantile,0.01,0.0
2026-10-10,wk inc rsv hosp,1,2026-10-17,06,quantile,0.99,271.0
2026-10-10,wk inc rsv hosp,1,2026-10-17,06,quantile,0.025,0.0
2026-10-10,wk inc rsv hosp,1,2026-10-17,06,quantile,0.975,140.0
2026-10-10,wk inc rsv hosp,1,2026-10-17,06,quantile,0.05,0.0
2026-10-10,wk inc rsv hosp,1,2026-10-17,06,quantile,0.95,64.0
2026-10-10,wk inc rsv hosp,1,2026-10-17,06,quantile,0.1,5.0
2026-10-10,wk inc rsv hosp,1,2026-10-17,06,quantile,0.9,38.0
2026-10-10,wk inc rsv hosp,1,2026-10-17,06,quantile,0.15,10.0
2026-10-10,wk inc rsv hosp,1,2026-10-17,06,quantile,0.85,34.0
2026-10-10,wk inc rsv hosp,1,2026-10-17,06,quantile,0.2,11.0
2026-10-10,wk inc rsv hosp,1,2026-10-17,06,quantile,0.8,33.0
2026-10-10,wk inc rsv hosp,1,2026-10-17,06,quantile,0.25,14.0
2026-10-10,wk inc rsv hosp,1,2026-10-17,06,quantile,0.75,30.0
2026-10-10,wk inc rsv hosp,1,2026-10-17,06,quantile,0.3,16.0
2026-10-10,wk inc rsv hosp,1,2026-10-17,06,quantile,0.7,28.0
2026-10-10,wk inc rsv hosp,1,2026-10-17,06,quantile,0.35,17.0
2026-10-10,wk inc rsv hosp,1,2026-10-17,06,quantile,0.65,27.0
2026-10-10,wk inc rsv hosp,1,2026-10-17,06,quantile,0.4,19.0
2026-10-10,wk inc rsv hosp,1,2026-10-17,06,quantile,0.6,25.0
2026-10-10,wk inc rsv hosp,1,2026-10-17,06,quantile,0.45,21.0
2026-10-10,wk inc rsv hosp,1,2026-10-17,06,quantile,0.55,22.0
2026-10-10,wk inc rsv hosp,1,2026-10-17,06,quantile,0.5,22.0
2026-10-10,wk inc rsv hosp,2,2026-10-24,06,quantile,0.01,0.0
2026-10-10,wk inc rsv hosp,2,2026-10-24,06,quantile,0.99,369.0
2026-10-10,wk inc rsv hosp,2,2026-10-24,06,quantile,0.025,0.0
2026-10-10,wk inc rsv hosp,2,2026-10-24,06,quantile,0.975,215.0
2026-10-10,wk inc rsv hosp,2,2026-10-24,06,quantile,0.05,0.0
2026-10-10,wk inc rsv hosp,2,2026-10-24,06,quantile,0.95,123.0
2026-10-10,wk inc rsv hosp,2,2026-10-24,06,quantile,0.1,0.0
2026-10-10,wk inc rsv hosp,2,2026-10-24,06,quantile,0.9,55.0
2026-10-10,wk inc rsv hosp,2,2026-10-24,06,quantile,0.15,11.0
2026-10-10,wk inc rsv hosp,2,2026-10-24,06,quantile,0.85,43.0
2026-10-10,wk inc rsv hosp,2,2026-10-24,06,quantile,0.2,15.0
2026-10-10,wk inc rsv hosp,2,2026-10-24,06,quantile,0.8,39.0
2026-10-10,wk inc rsv hosp,2,2026-10-24,06,quantile,0.25,17.0
2026-10-10,wk inc rsv hosp,2,2026-10-24,06,quantile,0.75,37.0
2026-10-10,wk inc rsv hosp,2,2026-10-24,06,quantile,0.3,20.0
2026-10-10,wk inc rsv hosp,2,2026-10-24,06,quantile,0.7,33.0
2026-10-10,wk inc rsv hosp,2,2026-10-24,06,quantile,0.35,21.0
2026-10-10,wk inc rsv hosp,2,2026-10-24,06,quantile,0.65,32.0
2026-10-10,wk inc rsv hosp,2,2026-10-24,06,quantile,0.4,25.0
2026-10-10,wk inc rsv hosp,2,2026-10-24,06,quantile,0.6,29.0
2026-10-10,wk inc rsv hosp,2,2026-10-24,06,quantile,0.45,26.0
2026-10-10,wk inc rsv hosp,2,2026-10-24,06,quantile,0.55,27.0
2026-10-10,wk inc rsv hosp,2,2026-10-24,06,quantile,0.5,27.0
2026-10-10,wk inc rsv hosp,3,2026-10-31,06,quantile,0.01,0.0
2026-10-10,wk inc rsv hosp,3,2026-10-31,06,quantile,0.99,421.0
2026-10-10,wk inc rsv hosp,3,2026-10-31,06,quantile,0.025,0.0
2026-10-10,wk inc rsv hosp,3,2026-10-31,06,quantile,0.975,330.0
2026-10-10,wk inc rsv hosp,3,2026-10-31,06,quantile,0.05,0.0
2026-10-10,wk inc rsv hosp,3,2026-10-31,06,quantile,0.95,150.0
2026-10-10,wk inc rsv hosp,3,2026-10-31,06,quantile,0.1,0.0
2026-10-10,wk inc rsv hosp,3,2026-10-31,06,quantile,0.9,81.0
2026-10-10,wk inc rsv hosp,3,2026-10-31,06,quantile,0.15,5.0
2026-10-10,wk inc rsv hosp,3,2026-10-31,06,quantile,0.85,54.0
2026-10-10,wk inc rsv hosp,3,2026-10-31,06,quantile,0.2,15.0
2026-10-10,wk inc rsv hosp,3,2026-10-31,06,quantile,0.8,43.0
2026-10-10,wk inc rsv hosp,3,2026-10-31,06,quantile,0.25,18.0
2026-10-10,wk inc rsv hosp,3,2026-10-31,06,quantile,0.75,41.0
2026-10-10,wk inc rsv hosp,3,2026-10-31,06,quantile,0.3,19.0
2026-10-10,wk inc rsv hosp,3,2026-10-31,06,quantile,0.7,40.0
2026-10-10,wk inc rsv hosp,3,2026-10-31,06,quantile,0.35,23.0
2026-10-10,wk inc rsv hosp,3,2026-10-31,06,quantile,0.65,36.0
2026-10-10,wk inc rsv hosp,3,2026-10-31,06,quantile,0.4,27.0
2026-10-10,wk inc rsv hosp,3,2026-10-31,06,quantile,0.6,32.0
2026-10-10,wk inc rsv hosp,3,2026-10-31,06,quantile,0.45,28.0
2026-10-10,wk inc rsv hosp,3,2026-10-31,06,quantile,0.55,30.0
2026-10-10,wk inc rsv hosp,3,2026-10-31,06,quantile,0.5,29.0
2026-10-10,wk inc rsv hosp,0,2026-10-10,08,quantile,0.01,0.0
2026-10-10,wk inc rsv hosp,0,2026-10-10,08,quantile,0.99,29.0
2026-10-10,wk inc rsv hosp,0,2026-10-10,08,quantile,0.025,0.0
2026-10-10,wk inc rsv hosp,0,2026-10-10,08,quantile,0.975,13.0
2026-10-10,wk inc rsv hosp,0,2026-10-10,08,quantile,0.05,0.0
2026-10-10,wk inc rsv hosp,0,2026-10-10,08,quantile,0.95,5.0
2026-10-10,wk inc rsv hosp,0,2026-10-10,08,quantile,0.1,0.0
2026-10-10,wk inc rsv hosp,0,2026-10-10,08,quantile,0.9,2.0
2026-10-10,wk inc rsv hosp,0,2026-10-10,08,quantile,0.15,0.0
2026-10-10,wk inc rsv hosp,0,2026-10-10,08,quantile,0.85,2.0
2026-10-10,wk inc rsv hosp,0,2026-10-10,08,quantile,0.2,0.0
2026-10-10,wk inc rsv hosp,0,2026-10-10,08,quantile,0.8,2.0
2026-10-10,wk inc rsv hosp,0,2026-10-10,08,quantile,0.25,0.0
2026-10-10,wk inc rsv hosp,0,2026-10-10,08,quantile,0.75,2.0
2026-10-10,wk inc rsv hosp,0,2026-10-10,08,quantile,0.3,0.0
2026-10-10,wk inc rsv hosp,0,2026-10-10,08,quantile,0.7,2.0
2026-10-10,wk inc rsv hosp,0,2026-10-10,08,quantile,0.35,1.0
2026-10-10,wk inc rsv hosp,0,2026-10-10,08,quantile,0.65,1.0
2026-10-10,wk inc rsv hosp,0,2026-10-10,08,quantile,0.4,1.0
2026-10-10,wk inc rsv hosp,0,2026-10-10,08,quantile,0.6,1.0
2026-10-10,wk inc rsv hosp,0,2026-10-10,08,quantile,0.45,1.0
2026-10-10,wk inc rsv hosp,0,2026-10-10,08,quantile,0.55,1.0
2026-10-10,wk inc rsv hosp,0,2026-10-10,08,quantile,0.5,1.0
2026-10-10,wk inc rsv hosp,1,2026-10-17,08,quantile,0.01,0.0
2026-10-10,wk inc rsv hosp,1,2026-10-17,08,quantile,0.99,47.0
2026-10-10,wk inc rsv hosp,1,2026-10-17,08,quantile,0.025,0.0
2026-10-10,wk inc rsv hosp,1,2026-10-17,08,quantile,0.975,21.0
2026-10-10,wk inc rsv hosp,1,2026-10-17,08,quantile,0.05,0.0
2026-10-10,wk inc rsv hosp,1,2026-10-17,08,quantile,0.95,11.0
2026-10-10,wk inc rsv hosp,1,2026-10-17,08,quantile,0.1,0.0
2026-10-10,wk inc rsv hosp,1,2026-10-17,08,quantile,0.9,4.0
2026-10-10,wk inc rsv hosp,1,2026-10-17,08,quantile,0.15,0.0
2026-10-10,wk inc rsv hosp,1,2026-10-17,08,quantile,0.85,3.0
2026-10-10,wk inc rsv hosp,1,2026-10-17,08,quantile,0.2,1.0
2026-10-10,wk inc rsv hosp,1,2026-10-17,08,quantile,0.8,3.0
2026-10-10,wk inc rsv hosp,1,2026-10-17,08,quantile,0.25,1.0
2026-10-10,wk inc rsv hosp,1,2026-10-17,08,quantile,0.75,3.0
2026-10-10,wk inc rsv hosp,1,2026-10-17,08,quantile,0.3,1.0
2026-10-10,wk inc rsv hosp,1,2026-10-17,08,quantile,0.7,2.0
2026-10-10,wk inc rsv hosp,1,2026-10-17,08,quantile,0.35,1.0
2026-10-10,wk inc rsv hosp,1,2026-10-17,08,quantile,0.65,2.0
2026-10-10,wk inc rsv hosp,1,2026-10-17,08,quantile,0.4,2.0
2026-10-10,wk inc rsv hosp,1,2026-10-17,08,quantile,0.6,2.0
2026-10-10,wk inc rsv hosp,1,2026-10-17,08,quantile,0.45,2.0
2026-10-10,wk inc rsv hosp,1,2026-10-17,08,quantile,0.55,2.0
2026-10-10,wk inc rsv hosp,1,2026-10-17,08,quantile,0.5,2.0
2026-10-10,wk inc rsv hosp,2,2026-10-24,08,quantile,0.01,0.0
2026-10-10,wk inc rsv hosp,2,2026-10-24,08,quantile,0.99,55.0
2026-10-10,wk inc rsv hosp,2,2026-10-24,08,quantile,0.025,0.0
2026-10-10,wk inc rsv hosp,2,2026-10-24,08,quantile,0.975,27.0
2026-10-10,wk inc rsv hosp,2,2026-10-24,08,quantile,0.05,0.0
2026-10-10,wk inc rsv hosp,2,2026-10-24,08,quantile,0.95,20.0
2026-10-10,wk inc rsv hosp,2,2026-10-24,08,quantile,0.1,0.0
2026-10-10,wk inc rsv hosp,2,2026-10-24,08,quantile,0.9,6.0
2026-10-10,wk inc rsv hosp,2,2026-10-24,08,quantile,0.15,0.0
2026-10-10,wk inc rsv hosp,2,2026-10-24,08,quantile,0.85,4.0
2026-10-10,wk inc rsv hosp,2,2026-10-24,08,quantile,0.2,1.0
2026-10-10,wk inc rsv hosp,2,2026-10-24,08,quantile,0.8,4.0
2026-10-10,wk inc rsv hosp,2,2026-10-24,08,quantile,0.25,1.0
2026-10-10,wk inc rsv hosp,2,2026-10-24,08,quantile,0.75,3.0
2026-10-10,wk inc rsv hosp,2,2026-10-24,08,quantile,0.3,1.0
2026-10-10,wk inc rsv hosp,2,2026-10-24,08,quantile,0.7,3.0
2026-10-10,wk inc rsv hosp,2,2026-10-24,08,quantile,0.35,2.0
2026-10-10,wk inc rsv hosp,2,2026-10-24,08,quantile,0.65,3.0
2026-10-10,wk inc rsv hosp,2,2026-10-24,08,quantile,0.4,2.0
2026-10-10,wk inc rsv hosp,2,2026-10-24,08,quantile,0.6,3.0
2026-10-10,wk inc rsv hosp,2,2026-10-24,08,quantile,0.45,2.0
2026-10-10,wk inc rsv hosp,2,2026-10-24,08,quantile,0.55,2.0
2026-10-10,wk inc rsv hosp,2,2026-10-24,08,quantile,0.5,2.0
2026-10-10,wk inc rsv hosp,3,2026-10-31,08,quantile,0.01,0.0
2026-10-10,wk inc rsv hosp,3,2026-10-31,08,quantile,0.99,88.0
2026-10-10,wk inc rsv hosp,3,2026-10-31,08,quantile,0.025,0.0
2026-10-10,wk inc rsv hosp,3,2026-10-31,08,quantile,0.975,49.0
2026-10-10,wk inc rsv hosp,3,2026-10-31,08,quantile,0.05,0.0
2026-10-10,wk inc rsv hosp,3,2026-10-31,08,quantile,0.95,28.0
2026-10-10,wk inc rsv hosp,3,2026-10-31,08,quantile,0.1,0.0
2026-10-10,wk inc rsv hosp,3,2026-10-31,08,quantile,0.9,12.0
2026-10-10,wk inc rsv hosp,3,2026-10-31,08,quantile,0.15,0.0
2026-10-10,wk inc rsv hosp,3,2026-10-31,08,quantile,0.85,6.0
2026-10-10,wk inc rsv hosp,3,2026-10-31,08,quantile,0.2,0.0
2026-10-10,wk inc rsv hosp,3,2026-10-31,08,quantile,0.8,4.0
2026-10-10,wk inc rsv hosp,3,2026-10-31,08,quantile,0.25,0.0
2026-10-10,wk inc rsv hosp,3,2026-10-31,08,quantile,0.75,4.0
2026-10-10,wk inc rsv hosp,3,2026-10-31,08,quantile,0.3,1.0
2026-10-10,wk inc rsv hosp,3,2026-10-31,08,quantile,0.7,3.0
2026-10-10,wk inc rsv hosp,3,2026-10-31,08,quantile,0.35,2.0
2026-10-10,wk inc rsv hosp,3,2026-10-31,08,quantile,0.65,2.0
2026-10-10,wk inc rsv hosp,3,2026-10-31,08,quantile,0.4,2.0
2026-10-10,wk inc rsv hosp,3,2026-10-31,08,quantile,0.6,2.0
2026-10-10,wk inc rsv hosp,3,2026-10-31,08,quantile,0.45,2.0
2026-10-10,wk inc rsv hosp,3,2026-10-31,08,quantile,0.55,2.0
2026-10-10,wk inc rsv hosp,3,2026-10-31,08,quantile,0.5,2.0
2026-10-10,wk inc rsv hosp,0,2026-10-10,09,quantile,0.01,0.0
2026-10-10,wk inc rsv hosp,0,2026-10-10,09,quantile,0.99,23.0
2026-10-10,wk inc rsv hosp,0,2026-10-10,09,quantile,0.025,0.0
2026-10-10,wk inc rsv hosp,0,2026-10-10,09,quantile,0.975,13.0
2026-10-10,wk inc rsv hosp,0,2026-10-10,09,quantile,0.05,0.0
2026-10-10,wk inc rsv hosp,0,2026-10-10,09,quantile,0.95,12.0
2026-10-10,wk inc rsv hosp,0,2026-10-10,09,quantile,0.1,0.0
2026-10-10,wk inc rsv hosp,0,2026-10-10,09,quantile,0.9,4.0
2026-10-10,wk inc rsv hosp,0,2026-10-10,09,quantile,0.15,0.0
2026-10-10,wk inc rsv hosp,0,2026-10-10,09,quantile,0.85,3.0
2026-10-10,wk inc rsv hosp,0,2026-10-10,09,quantile,0.2,0.0
2026-10-10,wk inc rsv hosp,0,2026-10-10,09,quantile,0.8,2.0
2026-10-10,wk inc rsv hosp,0,2026-10-10,09,quantile,0.25,1.0
2026-10-10,wk inc rsv hosp,0,2026-10-10,09,quantile,0.75,2.0
2026-10-10,wk inc rsv hosp,0,2026-10-10,09,quantile,0.3,1.0
2026-10-10,wk inc rsv hosp,0,2026-10-10,09,quantile,0.7,2.0
2026-10-10,wk inc rsv hosp,0,2026-10-10,09,quantile,0.35,1.0
2026-10-10,wk inc rsv hosp,0,2026-10-10,09,quantile,0.65,2.0
2026-10-10,wk inc rsv hosp,0,2026-10-10,09,quantile,0.4,1.0
2026-10-10,wk inc rsv hosp,0,2026-10-10,09,quantile,0.6,2.0
2026-10-10,wk inc rsv hosp,0,2026-10-10,09,quantile,0.45,1.0
2026-10-10,wk inc rsv hosp,0,2026-10-10,09,quantile,0.55,1.0
2026-10-10,wk inc rsv hosp,0,2026-10-10,09,quantile,0.5,1.0
2026-10-10,wk inc rsv hosp,1,2026-10-17,09,quantile,0.01,0.0
2026-10-10,wk inc rsv hosp,1,2026-10-17,09,quantile,0.99,46.0
2026-10-10,wk inc rsv hosp,1,2026-10-17,09,quantile,0.025,0.0
2026-10-10,wk inc rsv hosp,1,2026-10-17,09,quantile,0.975,20.0
2026-10-10,wk inc rsv hosp,1,2026-10-17,09,quantile,0.05,0.0
2026-10-10,wk inc rsv hosp,1,2026-10-17,09,quantile,0.95,16.0
2026-10-10,wk inc rsv hosp,1,2026-10-17,09,quantile,0.1,0.0
2026-10-10,wk inc rsv hosp,1,2026-10-17,09,quantile,0.9,9.0
2026-10-10,wk inc rsv hosp,1,2026-10-17,09,quantile,0.15,0.0
2026-10-10,wk inc rsv hosp,1,2026-10-17,09,quantile,0.85,4.0
2026-10-10,wk inc rsv hosp,1,2026-10-17,09,quantile,0.2,1.0
2026-10-10,wk inc rsv hosp,1,2026-10-17,09,quantile,0.8,4.0
2026-10-10,wk inc rsv hosp,1,2026-10-17,09,quantile,0.25,1.0
2026-10-10,wk inc rsv hosp,1,2026-10-17,09,quantile,0.75,3.0
2026-10-10,wk inc rsv hosp,1,2026-10-17,09,quantile,0.3,1.0
2026-10-10,wk inc rsv hosp,1,2026-10-17,09,quantile,0.7,3.0
2026-10-10,wk inc rsv hosp,1,2026-10-17,09,quantile,0.35,2.0
2026-10-10,wk inc rsv hosp,1,2026-10-17,09,quantile,0.65,2.0
2026-10-10,wk inc rsv hosp,1,2026-10-17,09,quantile,0.4,2.0
2026-10-10,wk inc rsv hosp,1,2026-10-17,09,quantile,0.6,2.0
2026-10-10,wk inc rsv hosp,1,2026-10-17,09,quantile,0.45,2.0
2026-10-10,wk inc rsv hosp,1,2026-10-17,09,quantile,0.55,2.0
2026-10-10,wk inc rsv hosp,1,2026-10-17,09,quantile,0.5,2.0
2026-10-10,wk inc rsv hosp,2,2026-10-24,09,quantile,0.01,0.0
2026-10-10,wk inc rsv hosp,2,2026-10-24,09,quantile,0.99,51.0
2026-10-10,wk inc rsv hosp,2,2026-10-24,09,quantile,0.025,0.0
2026-10-10,wk inc rsv hosp,2,2026-10-24,09,quantile,0.975,30.0
2026-10-10,wk inc rsv hosp,2,2026-10-24,09,quantile,0.05,0.0
2026-10-10,wk inc rsv hosp,2,2026-10-24,09,quantile,0.95,19.0
2026-10-10,wk inc rsv hosp,2,2026-10-24,09,quantile,0.1,0.0
2026-10-10,wk inc rsv hosp,2,2026-10-24,09,quantile,0.9,15.0
2026-10-10,wk inc rsv hosp,2,2026-10-24,09,quantile,0.15,0.0
2026-10-10,wk inc rsv hosp,2,2026-10-24,09,quantile,0.85,6.0
2026-10-10,wk inc rsv hosp,2,2026-10-24,09,quantile,0.2,1.0
2026-10-10,wk inc rsv hosp,2,2026-10-24,09,quantile,0.8,5.0
2026-10-10,wk inc rsv hosp,2,2026-10-24,09,quantile,0.25,2.0
2026-10-10,wk inc rsv hosp,2,2026-10-24,09,quantile,0.75,5.0
2026-10-10,wk inc rsv hosp,2,2026-10-24,09,quantile,0.3,2.0
2026-10-10,wk inc rsv hosp,2,2026-10-24,09,quantile,0.7,4.0
2026-10-10,wk inc rsv hosp,2,2026-10-24,09,quantile,0.35,3.0
2026-10-10,wk inc rsv hosp,2,2026-10-24,09,quantile,0.65,4.0
2026-10-10,wk inc rsv hosp,2,2026-10-24,09,quantile,0.4,3.0
2026-10-10,wk inc rsv hosp,2,2026-10-24,09,quantile,0.6,4.0
2026-10-10,wk inc rsv hosp,2,2026-10-24,09,quantile,0.45,3.0
2026-10-10,wk inc rsv hosp,2,2026-10-24,09,quantile,0.55,3.0
2026-10-10,wk inc rsv hosp,2,2026-10-24,09,quantile,0.5,3.0
2026-10-10,wk inc rsv hosp,3,2026-10-31,09,quantile,0.01,0.0
2026-10-10,wk inc rsv hosp,3,2026-10-31,09,quantile,0.99,92.0
2026-10-10,wk inc rsv hosp,3,2026-10-31,09,quantile,0.025,0.0
2026-10-10,wk inc rsv hosp,3,2026-10-31,09,quantile,0.975,52.0
2026-10-10,wk inc rsv hosp,3,2026-10-31,09,quantile,0.05,0.0
2026-10-10,wk inc rsv hosp,3,2026-10-31,09,quantile,0.95,28.0
2026-10-10,wk inc rsv hosp,3,2026-10-31,09,quantile,0.1,0.0
2026-10-10,wk inc rsv hosp,3,2026-10-31,09,quantile,0.9,19.0
2026-10-10,wk inc rsv hosp,3,2026-10-31,09,quantile,0.15,0.0
2026-10-10,wk inc rsv hosp,3,2026-10-31,09,quantile,0.85,13.0
2026-10-10,wk inc rsv hosp,3,2026-10-31,09,quantile,0.2,2.0
2026-10-10,wk inc rsv hosp,3,2026-10-31,09,quantile,0.8,6.0
2026-10-10,wk inc rsv hosp,3,2026-10-31,09,quantile,0.25,2.0
2026-10-10,wk inc rsv hosp,3,2026-10-31,09,quantile,0.75,6.0
2026-10-10,wk inc rsv hosp,3,2026-10-31,09,quantile,0.3,2.0
2026-10-10,wk inc rsv hosp,3,2026-10-31,09,quantile,0.7,5.0
2026-10-10,wk inc rsv hosp,3,2026-10-31,09,quantile,0.35,3.0
2026-10-10,wk inc rsv hosp,3,2026-10-31,09,quantile,0.65,5.0
2026-10-10,wk inc rsv hosp,3,2026-10-31,09,quantile,0.4,3.0
2026-10-10,wk inc rsv hosp,3,2026-10-31,09,quantile,0.6,4.0
2026-10-10,wk inc rsv hosp,3,2026-10-31,09,quantile,0.45,4.0
2026-10-10,wk inc rsv hosp,3,2026-10-31,09,quantile,0.55,4.0
2026-10-10,wk inc rsv hosp,3,2026-10-31,09,quantile,0.5,4.0
2026-10-10,wk inc rsv hosp,0,2026-10-10,13,quantile,0.01,0.0
2026-10-10,wk inc rsv hosp,0,2026-10-10,13,quantile,0.99,256.0
2026-10-10,wk inc rsv hosp,0,2026-10-10,13,quantile,0.025,0.0
2026-10-10,wk inc rsv hosp,0,2026-10-10,13,quantile,0.975,71.0
2026-10-10,wk inc rsv hosp,0,2026-10-10,13,quantile,0.05,0.0
2026-10-10,wk inc rsv hosp,0,2026-10-10,13,quantile,0.95,49.0
2026-10-10,wk inc rsv hosp,0,2026-10-10,13,quantile,0.1,0.0
2026-10-10,wk inc rsv hosp,0,2026-10-10,13,quantile,0.9,40.0
2026-10-10,wk inc rsv hosp,0,2026-10-10,13,quantile,0.15,2.0
2026-10-10,wk inc rsv hosp,0,2026-10-10,13,quantile,0.85,34.0
2026-10-10,wk inc rsv hosp,0,2026-10-10,13,quantile,0.2,3.0
2026-10-10,wk inc rsv hosp,0,2026-10-10,13,quantile,0.8,33.0
2026-10-10,wk inc rsv hosp,0,2026-10-10,13,quantile,0.25,5.0
2026-10-10,wk inc rsv hosp,0,2026-10-10,13,quantile,0.75,30.0
2026-10-10,wk inc rsv hosp,0,2026-10-10,13,quantile,0.3,10.0
2026-10-10,wk inc rsv hosp,0,2026-10-10,13,quantile,0.7,25.0
2026-10-10,wk inc rsv hosp,0,2026-10-10,13,quantile,0.35,14.0
2026-10-10,wk inc rsv hosp,0,2026-10-10,13,quantile,0.65,22.0
2026-10-10,wk inc rsv hosp,0,2026-10-10,13,quantile,0.4,17.0
2026-10-10,wk inc rsv hosp,0,2026-10-10,13,quantile,0.6,19.0
2026-10-10,wk inc rsv hosp,0,2026-10-10,13,quantile,0.45,18.0
2026-10-10,wk inc rsv hosp,0,2026-10-10,13,quantile,0.55,18.0
2026-10-10,wk inc rsv hosp,0,2026-10-10,13,quantile,0.5,18.0
2026-10-10,wk inc rsv hosp,1,2026-10-17,13,quantile,0.01,0.0
2026-10-10,wk inc rsv hosp,1,2026-10-17,13,quantile,0.99,320.0
2026-10-10,wk inc rsv hosp,1,2026-10-17,13,quantile,0.025,0.0
2026-10-10,wk inc rsv hosp,1,2026-10-17,13,quantile,0.975,231.0
2026-10-10,wk inc rsv hosp,1,2026-10-17,13,quantile,0.05,0.0
2026-10-10,wk inc rsv hosp,1,2026-10-17,13,quantile,0.95,47.0
2026-10-10,wk inc rsv hosp,1,2026-10-17,13,quantile,0.1,0.0
2026-10-10,wk inc rsv hosp,1,2026-10-17,13,quantile,0.9,44.0
2026-10-10,wk inc rsv hosp,1,2026-10-17,13,quantile,0.15,0.0
2026-10-10,wk inc rsv hosp,1,2026-10-17,13,quantile,0.85,40.0
2026-10-10,wk inc rsv hosp,1,2026-10-17,13,quantile,0.2,0.0
2026-10-10,wk inc rsv hosp,1,2026-10-17,13,quantile,0.8,36.0
2026-10-10,wk inc rsv hosp,1,2026-10-17,13,quantile,0.25,3.0
2026-10-10,wk inc rsv hosp,1,2026-10-17,13,quantile,0.75,32.0
2026-10-10,wk inc rsv hosp,1,2026-10-17,13,quantile,0.3,9.0
2026-10-10,wk inc rsv hosp,1,2026-10-17,13,quantile,0.7,26.0
2026-10-10,wk inc rsv hosp,1,2026-10-17,13,quantile,0.35,11.0
2026-10-10,wk inc rsv hosp,1,2026-10-17,13,quantile,0.65,24.0
2026-10-10,wk inc rsv hosp,1,2026-10-17,13,quantile,0.4,13.0
2026-10-10,wk inc rsv hosp,1,2026-10-17,13,quantile,0.6,21.0
2026-10-10,wk inc rsv hosp,1,2026-10-17,13,quantile,0.45,17.0
2026-10-10,wk inc rsv hosp,1,2026-10-17,13,quantile,0.55,17.0
2026-10-10,wk inc rsv hosp,1,2026-10-17,13,quantile,0.5,17.0
2026-10-10,wk inc rsv hosp,2,2026-10-24,13,quantile,0.01,0.0
2026-10-10,wk inc rsv hosp,2,2026-10-24,13,quantile,0.99,341.0
2026-10-10,wk inc rsv hosp,2,2026-10-24,13,quantile,0.025,0.0
2026-10-10,wk inc rsv hosp,2,2026-10-24,13,quantile,0.975,316.0
2026-10-10,wk inc rsv hosp,2,2026-10-24,13,quantile,0.05,0.0
2026-10-10,wk inc rsv hosp,2,2026-10-24,13,quantile,0.95,177.0
2026-10-10,wk inc rsv hosp,2,2026-10-24,13,quantile,0.1,0.0
2026-10-10,wk inc rsv hosp,2,2026-10-24,13,quantile,0.9,50.0
2026-10-10,wk inc rsv hosp,2,2026-10-24,13,quantile,0.15,0.0
2026-10-10,wk inc rsv hosp,2,2026-10-24,13,quantile,0.85,46.0
2026-10-10,wk inc rsv hosp,2,2026-10-24,13,quantile,0.2,3.0
2026-10-10,wk inc rsv hosp,2,2026-10-24,13,quantile,0.8,40.0
2026-10-10,wk inc rsv hosp,2,2026-10-24,13,quantile,0.25,5.0
2026-10-10,wk inc rsv hosp,2,2026-10-24,13,quantile,0.75,37.0
2026-10-10,wk inc rsv hosp,2,2026-10-24,13,quantile,0.3,9.0
2026-10-10,wk inc rsv hosp,2,2026-10-24,13,quantile,0.7,33.0
2026-10-10,wk inc rsv hosp,2,2026-10-24,13,quantile,0.35,10.0
2026-10-10,wk inc rsv hosp,2,2026-10-24,13,quantile,0.65,32.0
2026-10-10,wk inc rsv hosp,2,2026-10-24,13,quantile,0.4,17.0
2026-10-10,wk inc rsv hosp,2,2026-10-24,13,quantile,0.6,26.0
2026-10-10,wk inc rsv hosp,2,2026-10-24,13,quantile,0.45,21.0
2026-10-10,wk inc rsv hosp,2,2026-10-24,13,quantile,0.55,21.0
2026-10-10,wk inc rsv hosp,2,2026-10-24,13,quantile,0.5,21.0
2026-10-10,wk inc rsv hosp,3,2026-10-31,13,quantile,0.01,0.0
2026-10-10,wk inc rsv hosp,3,2026-10-31,13,quantile,0.99,414.0
2026-10-10,wk inc rsv hosp,3,2026-10-31,13,quantile,0.025,0.0
2026-10-10,wk inc rsv hosp,3,2026-10-31,13,quantile,0.975,348.0
2026-10-10,wk inc rsv hosp,3,2026-10-31,13,quantile,0.05,0.0
2026-10-10,wk inc rsv hosp,3,2026-10-31,13,quantile,0.95,289.0
2026-10-10,wk inc rsv hosp,3,2026-10-31,13,quantile,0.1,0.0
2026-10-10,wk inc rsv hosp,3,2026-10-31,13,quantile,0.9,56.0
2026-10-10,wk inc rsv hosp,3,2026-10-31,13,quantile,0.15,1.0
2026-10-10,wk inc rsv hosp,3,2026-10-31,13,quantile,0.85,49.0
2026-10-10,wk inc rsv hosp,3,2026-10-31,13,quantile,0.2,4.0
2026-10-10,wk inc rsv hosp,3,2026-10-31,13,quantile,0.8,45.0
2026-10-10,wk inc rsv hosp,3,2026-10-31,13,quantile,0.25,8.0
2026-10-10,wk inc rsv hosp,3,2026-10-31,13,quantile,0.75,41.0
2026-10-10,wk inc rsv hosp,3,2026-10-31,13,quantile,0.3,9.0
2026-10-10,wk inc rsv hosp,3,2026-10-31,13,quantile,0.7,41.0
2026-10-10,wk inc rsv hosp,3,2026-10-31,13,quantile,0.35,13.0
2026-10-10,wk inc rsv hosp,3,2026-10-31,13,quantile,0.65,37.0
2026-10-10,wk inc rsv hosp,3,2026-10-31,13,quantile,0.4,20.0
2026-10-10,wk inc rsv hosp,3,2026-10-31,13,quantile,0.6,30.0
2026-10-10,wk inc rsv hosp,3,2026-10-31,13,quantile,0.45,25.0
2026-10-10,wk inc rsv hosp,3,2026-10-31,13,quantile,0.55,25.0
2026-10-10,wk inc rsv hosp,3,2026-10-31,13,quantile,0.5,25.0
2026-10-10,wk inc rsv hosp,0,2026-10-10,24,quantile,0.01,0.0
2026-10-10,wk inc rsv hosp,0,2026-10-10,24,quantile,0.99,86.0
2026-10-10,wk inc rsv hosp,0,2026-10-10,24,quantile,0.025,0.0
2026-10-10,wk inc rsv hosp,0,2026-10-10,24,quantile,0.975,24.0
2026-10-10,wk inc rsv hosp,0,2026-10-10,24,quantile,0.05,0.0
2026-10-10,wk inc rsv hosp,0,2026-10-10,24,quantile,0.95,9.0
2026-10-10,wk inc rsv hosp,0,2026-10-10,24,quantile,0.1,0.0
2026-10-10,wk inc rsv hosp,0,2026-10-10,24,quantile,0.9,7.0
2026-10-10,wk inc rsv hosp,0,2026-10-10,24,quantile,0.15,0.0
2026-10-10,wk inc rsv hosp,0,2026-10-10,24,quantile,0.85,5.0
2026-10-10,wk inc rsv hosp,0,2026-10-10,24,quantile,0.2,0.0
2026-10-10,wk inc rsv hosp,0,2026-10-10,24,quantile,0.8,5.0
2026-10-10,wk inc rsv hosp,0,2026-10-10,24,quantile,0.25,1.0
2026-10-10,wk inc rsv hosp,0,2026-10-10,24,quantile,0.75,4.0
2026-10-10,wk inc rsv hosp,0,2026-10-10,24,quantile,0.3,1.0
2026-10-10,wk inc rsv hosp,0,2026-10-10,24,quantile,0.7,4.0
2026-10-10,wk inc rsv hosp,0,2026-10-10,24,quantile,0.35,2.0
2026-10-10,wk inc rsv hosp,0,2026-10-10,24,quantile,0.65,4.0
2026-10-10,wk inc rsv hosp,0,2026-10-10,24,quantile,0.4,2.0
2026-10-10,wk inc rsv hosp,0,2026-10-10,24,quantile,0.6,3.0
2026-10-10,wk inc rsv hosp,0,2026-10-10,24,quantile,0.45,3.0
2026-10-10,wk inc rsv hosp,0,2026-10-10,24,quantile,0.55,3.0
2026-10-10,wk inc rsv hosp,0,2026-10-10,24,quantile,0.5,3.0
2026-10-10,wk inc rsv hosp,1,2026-10-17,24,quantile,0.01,0.0
2026-10-10,wk inc rsv hosp,1,2026-10-17,24,quantile,0.99,98.0
2026-10-10,wk inc rsv hosp,1,2026-10-17,24,quantile,0.025,0.0
2026-10-10,wk inc rsv hosp,1,2026-10-17,24,quantile,0.975,61.0
2026-10-10,wk inc rsv hosp,1,2026-10-17,24,quantile,0.05,0.0
2026-10-10,wk inc rsv hosp,1,2026-10-17,24,quantile,0.95,20.0
2026-10-10,wk inc rsv hosp,1,2026-10-17,24,quantile,0.1,0.0
2026-10-10,wk inc rsv hosp,1,2026-10-17,24,quantile,0.9,9.0
2026-10-10,wk inc rsv hosp,1,2026-10-17,24,quantile,0.15,0.0
2026-10-10,wk inc rsv hosp,1,2026-10-17,24,quantile,0.85,8.0
2026-10-10,wk inc rsv hosp,1,2026-10-17,24,quantile,0.2,1.0
2026-10-10,wk inc rsv hosp,1,2026-10-17,24,quantile,0.8,7.0
2026-10-10,wk inc rsv hosp,1,2026-10-17,24,quantile,0.25,1.0
2026-10-10,wk inc rsv hosp,1,2026-10-17,24,quantile,0.75,6.0
2026-10-10,wk inc rsv hosp,1,2026-10-17,24,quantile,0.3,2.0
2026-10-10,wk inc rsv hosp,1,2026-10-17,24,quantile,0.7,5.0
2026-10-10,wk inc rsv hosp,1,2026-10-17,24,quantile,0.35,3.0
2026-10-10,wk inc rsv hosp,1,2026-10-17,24,quantile,0.65,5.0
2026-10-10,wk inc rsv hosp,1,2026-10-17,24,quantile,0.4,3.0
2026-10-10,wk inc rsv hosp,1,2026-10-17,24,quantile,0.6,5.0
2026-10-10,wk inc rsv hosp,1,2026-10-17,24,quantile,0.45,3.0
2026-10-10,wk inc rsv hosp,1,2026-10-17,24,quantile,0.55,4.0
2026-10-10,wk inc rsv hosp,1,2026-10-17,24,quantile,0.5,4.0
2026-10-10,wk inc rsv hosp,2,2026-10-24,24,quantile,0.01,0.0
2026-10-10,wk inc rsv hosp,2,2026-10-24,24,quantile,0.99,112.0
2026-10-10,wk inc rsv hosp,2,2026-10-24,24,quantile,0.025,0.0
2026-10-10,wk inc rsv hosp,2,2026-10-24,24,quantile,0.975,79.0
2026-10-10,wk inc rsv hosp,2,2026-10-24,24,quantile,0.05,0.0
2026-10-10,wk inc rsv hosp,2,2026-10-24,24,quantile,0.95,35.0
2026-10-10,wk inc rsv hosp,2,2026-10-24,24,quantile,0.1,1.0
2026-10-10,wk inc rsv hosp,2,2026-10-24,24,quantile,0.9,11.0
2026-10-10,wk inc rsv hosp,2,2026-10-24,24,quantile,0.15,2.0
2026-10-10,wk inc rsv hosp,2,2026-10-24,24,quantile,0.85,10.0
2026-10-10,wk inc rsv hosp,2,2026-10-24,24,quantile,0.2,2.0
2026-10-10,wk inc rsv hosp,2,2026-10-24,24,quantile,0.8,10.0
2026-10-10,wk inc rsv hosp,2,2026-10-24,24,quantile,0.25,3.0
2026-10-10,wk inc rsv hosp,2,2026-10-24,24,quantile,0.75,9.0
2026-10-10,wk inc rsv hosp,2,2026-10-24,24,quantile,0.3,4.0
2026-10-10,wk inc rsv hosp,2,2026-10-24,24,quantile,0.7,7.0
2026-10-10,wk inc rsv hosp,2,2026-10-24,24,quantile,0.35,5.0
2026-10-10,wk inc rsv hosp,2,2026-10-24,24,quantile,0.65,7.0
2026-10-10,wk inc rsv hosp,2,2026-10-24,24,quantile,0.4,5.0
2026-10-10,wk inc rsv hosp,2,2026-10-24,24,quantile,0.6,6.0
2026-10-10,wk inc rsv hosp,2,2026-10-24,24,quantile,0.45,5.0
2026-10-10,wk inc rsv hosp,2,2026-10-24,24,quantile,0.55,6.0
2026-10-10,wk inc rsv hosp,2,2026-10-24,24,quantile,0.5,6.0
2026-10-10,wk inc rsv hosp,3,2026-10-31,24,quantile,0.01,0.0
2026-10-10,wk inc rsv hosp,3,2026-10-31,24,quantile,0.99,168.0
2026-10-10,wk inc rsv hosp,3,2026-10-31,24,quantile,0.025,0.0
2026-10-10,wk inc rsv hosp,3,2026-10-31,24,quantile,0.975,107.0
2026-10-10,wk inc rsv hosp,3,2026-10-31,24,quantile,0.05,0.0
2026-10-10,wk inc rsv hosp,3,2026-10-31,24,quantile,0.95,83.0
2026-10-10,wk inc rsv hosp,3,2026-10-31,24,quantile,0.1,0.0
2026-10-10,wk inc rsv hosp,3,2026-10-31,24,quantile,0.9,28.0
2026-10-10,wk inc rsv hosp,3,2026-10-31,24,quantile,0.15,3.0
2026-10-10,wk inc rsv hosp,3,2026-10-31,24,quantile,0.85,14.0
2026-10-10,wk inc rsv hosp,3,2026-10-31,24,quantile,0.2,4.0
2026-10-10,wk inc rsv hosp,3,2026-10-31,24,quantile,0.8,13.0
2026-10-10,wk inc rsv hosp,3,2026-10-31,24,quantile,0.25,5.0
2026-10-10,wk inc rsv hosp,3,2026-10-31,24,quantile,0.75,12.0
2026-10-10,wk inc rsv hosp,3,2026-10-31,24,quantile,0.3,6.0
2026-10-10,wk inc rsv hosp,3,2026-10-31,24,quantile,0.7,11.0
2026-10-10,wk inc rsv hosp,3,2026-10-31,24,quantile,0.35,7.0
2026-10-10,wk inc rsv hosp,3,2026-10-31,24,quantile,0.65,11.0
2026-10-10,wk inc rsv hosp,3,2026-10-31,24,quantile,0.4,7.0
2026-10-10,wk inc rsv hosp,3,2026-10-31,24,quantile,0.6,10.0
2026-10-10,wk inc rsv hosp,3,2026-10-31,24,quantile,0.45,8.0
2026-10-10,wk inc rsv hosp,3,2026-10-31,24,quantile,0.55,9.0
2026-10-10,wk inc rsv hosp,3,2026-10-31,24,quantile,0.5,9.0
2026-10-10,wk inc rsv hosp,0,2026-10-10,26,quantile,0.01,0.0
2026-10-10,wk inc rsv hosp,0,2026-10-10,26,quantile,0.99,93.0
2026-10-10,wk inc rsv hosp,0,2026-10-10,26,quantile,0.025,0.0
2026-10-10,wk inc rsv hosp,0,2026-10-10,26,quantile,0.975,50.0
2026-10-10,wk inc rsv hosp,0,2026-10-10,26,quantile,0.05,0.0
2026-10-10,wk inc rsv hosp,0,2026-10-10,26,quantile,0.95,32.0
2026-10-10,wk inc rsv hosp,0,2026-10-10,26,quantile,0.1,0.0
2026-10-10,wk inc rsv hosp,0,2026-10-10,26,quantile,0.9,16.0
2026-10-10,wk inc rsv hosp,0,2026-10-10,26,quantile,0.15,0.0
2026-10-10,wk inc rsv hosp,0,2026-10-10,26,quantile,0.85,14.0
2026-10-10,wk inc rsv hosp,0,2026-10-10,26,quantile,0.2,2.0
2026-10-10,wk inc rsv hosp,0,2026-10-10,26,quantile,0.8,11.0
2026-10-10,wk inc rsv hosp,0,2026-10-10,26,quantile,0.25,4.0
2026-10-10,wk inc rsv hosp,0,2026-10-10,26,quantile,0.75,9.0
2026-10-10,wk inc rsv hosp,0,2026-10-10,26,quantile,0.3,5.0
2026-10-10,wk inc rsv hosp,0,2026-10-10,26,quantile,0.7,7.0
2026-10-10,wk inc rsv hosp,0,2026-10-10,26,quantile,0.35,6.0
2026-10-10,wk inc rsv hosp,0,2026-10-10,26,quantile,0.65,7.0
2026-10-10,wk inc rsv hosp,0,2026-10-10,26,quantile,0.4,6.0
2026-10-10,wk inc rsv hosp,0,2026-10-10,26,quantile,0.6,6.0
2026-10-10,wk inc rsv hosp,0,2026-10-10,26,quantile,0.45,6.0
2026-10-10,wk inc rsv hosp,0,2026-10-10,26,quantile,0.55,6.0
2026-10-10,wk inc rsv hosp,0,2026-10-10,26,quantile,0.5,6.0
2026-10-10,wk inc rsv hosp,1,2026-10-17,26,quantile,0.01,0.0
2026-10-10,wk inc rsv hosp,1,2026-10-17,26,quantile,0.99,122.0
2026-10-10,wk inc rsv hosp,1,2026-10-17,26,quantile,0.025,0.0
2026-10-10,wk inc rsv hosp,1,2026-10-17,26,quantile,0.975,77.0
2026-10-10,wk inc rsv hosp,1,2026-10-17,26,quantile,0.05,0.0
2026-10-10,wk inc rsv hosp,1,2026-10-17,26,quantile,0.95,47.0
2026-10-10,wk inc rsv hosp,1,2026-10-17,26,quantile,0.1,0.0
2026-10-10,wk inc rsv hosp,1,2026-10-17,26,quantile,0.9,23.0
2026-10-10,wk inc rsv hosp,1,2026-10-17,26,quantile,0.15,0.0
2026-10-10,wk inc rsv hosp,1,2026-10-17,26,quantile,0.85,12.0
2026-10-10,wk inc rsv hosp,1,2026-10-17,26,quantile,0.2,1.0
2026-10-10,wk inc rsv hosp,1,2026-10-17,26,quantile,0.8,10.0
2026-10-10,wk inc rsv hosp,1,2026-10-17,26,quantile,0.25,2.0
2026-10-10,wk inc rsv hosp,1,2026-10-17,26,quantile,0.75,9.0
2026-10-10,wk inc rsv hosp,1,2026-10-17,26,quantile,0.3,4.0
2026-10-10,wk inc rsv hosp,1,2026-10-17,26,quantile,0.7,7.0
2026-10-10,wk inc rsv hosp,1,2026-10-17,26,quantile,0.35,4.0
2026-10-10,wk inc rsv hosp,1,2026-10-17,26,quantile,0.65,7.0
2026-10-10,wk inc rsv hosp,1,2026-10-17,26,quantile,0.4,5.0
2026-10-10,wk inc rsv hosp,1,2026-10-17,26,quantile,0.6,6.0
2026-10-10,wk inc rsv hosp,1,2026-10-17,26,quantile,0.45,5.0
2026-10-10,wk inc rsv hosp,1,2026-10-17,26,quantile,0.55,6.0
2026-10-10,wk inc rsv hosp,1,2026-10-17,26,quantile,0.5,6.0
2026-10-10,wk inc rsv hosp,2,2026-10-24,26,quantile,0.01,0.0
2026-10-10,wk inc rsv hosp,2,2026-10-24,26,quantile,0.99,163.0
2026-10-10,wk inc rsv hosp,2,2026-10-24,26,quantile,0.025,0.0
2026-10-10,wk inc rsv hosp,2,2026-10-24,26,quantile,0.975,106.0
2026-10-10,wk inc rsv hosp,2,2026-10-24,26,quantile,0.05,0.0
2026-10-10,wk inc rsv hosp,2,2026-10-24,26,quantile,0.95,69.0
2026-10-10,wk inc rsv hosp,2,2026-10-24,26,quantile,0.1,0.0
2026-10-10,wk inc rsv hosp,2,2026-10-24,26,quantile,0.9,46.0
2026-10-10,wk inc rsv hosp,2,2026-10-24,26,quantile,0.15,0.0
2026-10-10,wk inc rsv hosp,2,2026-10-24,26,quantile,0.85,24.0
2026-10-10,wk inc rsv hosp,2,2026-10-24,26,quantile,0.2,2.0
2026-10-10,wk inc rsv hosp,2,2026-10-24,26,quantile,0.8,15.0
2026-10-10,wk inc rsv hosp,2,2026-10-24,26,quantile,0.25,3.0
2026-10-10,wk inc rsv hosp,2,2026-10-24,26,quantile,0.75,13.0
2026-10-10,wk inc rsv hosp,2,2026-10-24,26,quantile,0.3,6.0
2026-10-10,wk inc rsv hosp,2,2026-10-24,26,quantile,0.7,11.0
2026-10-10,wk inc rsv hosp,2,2026-10-24,26,quantile,0.35,7.0
2026-10-10,wk inc rsv hosp,2,2026-10-24,26,quantile,0.65,9.0
2026-10-10,wk inc rsv hosp,2,2026-10-24,26,quantile,0.4,8.0
2026-10-10,wk inc rsv hosp,2,2026-10-24,26,quantile,0.6,8.0
2026-10-10,wk inc rsv hosp,2,2026-10-24,26,quantile,0.45,8.0
2026-10-10,wk inc rsv hosp,2,2026-10-24,26,quantile,0.55,8.0
2026-10-10,wk inc rsv hosp,2,2026-10-24,26,quantile,0.5,8.0
2026-10-10,wk inc rsv hosp,3,2026-10-31,26,quantile,0.01,0.0
2026-10-10,wk inc rsv hosp,3,2026-10-31,26,quantile,0.99,201.0
2026-10-10,wk inc rsv hosp,3,2026-10-31,26,quantile,0.025,0.0
2026-10-10,wk inc rsv hosp,3,2026-10-31,26,quantile,0.975,148.0
2026-10-10,wk inc rsv hosp,3,2026-10-31,26,quantile,0.05,0.0
2026-10-10,wk inc rsv hosp,3,2026-10-31,26,quantile,0.95,101.0
2026-10-10,wk inc rsv hosp,3,2026-10-31,26,quantile,0.1,0.0
2026-10-10,wk inc rsv hosp,3,2026-10-31,26,quantile,0.9,64.0
2026-10-10,wk inc rsv hosp,3,2026-10-31,26,quantile,0.15,0.0
2026-10-10,wk inc rsv hosp,3,2026-10-31,26,quantile,0.85,38.0
2026-10-10,wk inc rsv hosp,3,2026-10-31,26,quantile,0.2,0.0
2026-10-10,wk inc rsv hosp,3,2026-10-31,26,quantile,0.8,18.0
2026-10-10,wk inc rsv hosp,3,2026-10-31,26,quantile,0.25,0.0
2026-10-10,wk inc rsv hosp,3,2026-10-31,26,quantile,0.75,16.0
2026-10-10,wk inc rsv hosp,3,2026-10-31,26,quantile,0.3,3.0
2026-10-10,wk inc rsv hosp,3,2026-10-31,26,quantile,0.7,11.0
2026-10-10,wk inc rsv hosp,3,2026-10-31,26,quantile,0.35,5.0
2026-10-10,wk inc rsv hosp,3,2026-10-31,26,quantile,0.65,9.0
2026-10-10,wk inc rsv hosp,3,2026-10-31,26,quantile,0.4,5.0
2026-10-10,wk inc rsv hosp,3,2026-10-31,26,quantile,0.6,9.0
2026-10-10,wk inc rsv hosp,3,2026-10-31,26,quantile,0.45,6.0
2026-10-10,wk inc rsv hosp,3,2026-10-31,26,quantile,0.55,7.0
2026-10-10,wk inc rsv hosp,3,2026-10-31,26,quantile,0.5,7.0
2026-10-10,wk inc rsv hosp,0,2026-10-10,27,quantile,0.01,0.0
2026-10-10,wk inc rsv hosp,0,2026-10-10,27,quantile,0.99,18.0
2026-10-10,wk inc rsv hosp,0,2026-10-10,27,quantile,0.025,0.0
2026-10-10,wk inc rsv hosp,0,2026-10-10,27,quantile,0.975,13.0
2026-10-10,wk inc rsv hosp,0,2026-10-10,27,quantile,0.05,0.0
2026-10-10,wk inc rsv hosp,0,2026-10-10,27,quantile,0.95,9.0
2026-10-10,wk inc rsv hosp,0,2026-10-10,27,quantile,0.1,0.0
2026-10-10,wk inc rsv hosp,0,2026-10-10,27,quantile,0.9,9.0
2026-10-10,wk inc rsv hosp,0,2026-10-10,27,quantile,0.15,0.0
2026-10-10,wk inc rsv hosp,0,2026-10-10,27,quantile,0.85,8.0
2026-10-10,wk inc rsv hosp,0,2026-10-10,27,quantile,0.2,0.0
2026-10-10,wk inc rsv hosp,0,2026-10-10,27,quantile,0.8,8.0
2026-10-10,wk inc rsv hosp,0,2026-10-10,27,quantile,0.25,0.0
2026-10-10,wk inc rsv hosp,0,2026-10-10,27,quantile,0.75,8.0
2026-10-10,wk inc rsv hosp,0,2026-10-10,27,quantile,0.3,0.0
2026-10-10,wk inc rsv hosp,0,2026-10-10,27,quantile,0.7,7.0
2026-10-10,wk inc rsv hosp,0,2026-10-10,27,quantile,0.35,1.0
2026-10-10,wk inc rsv hosp,0,2026-10-10,27,quantile,0.65,5.0
2026-10-10,wk inc rsv hosp,0,2026-10-10,27,quantile,0.4,3.0
2026-10-10,wk inc rsv hosp,0,2026-10-10,27,quantile,0.6,4.0
2026-10-10,wk inc rsv hosp,0,2026-10-10,27,quantile,0.45,3.0
2026-10-10,wk inc rsv hosp,0,2026-10-10,27,quantile,0.55,4.0
2026-10-10,wk inc rsv hosp,0,2026-10-10,27,quantile,0.5,3.0
2026-10-10,wk inc rsv hosp,1,2026-10-17,27,quantile,0.01,0.0
2026-10-10,wk inc rsv hosp,1,2026-10-17,27,quantile,0.99,44.0
2026-10-10,wk inc rsv hosp,1,2026-10-17,27,quantile,0.025,0.0
2026-10-10,wk inc rsv hosp,1,2026-10-17,27,quantile,0.975,17.0
2026-10-10,wk inc rsv hosp,1,2026-10-17,27,quantile,0.05,0.0
2026-10-10,wk inc rsv hosp,1,2026-10-17,27,quantile,0.95,13.0
2026-10-10,wk inc rsv hosp,1,2026-10-17,27,quantile,0.1,0.0
2026-10-10,wk inc rsv hosp,1,2026-10-17,27,quantile,0.9,11.0
2026-10-10,wk inc rsv hosp,1,2026-10-17,27,quantile,0.15,0.0
2026-10-10,wk inc rsv hosp,1,2026-10-17,27,quantile,0.85,10.0
2026-10-10,wk inc rsv hosp,1,2026-10-17,27,quantile,0.2,0.0
2026-10-10,wk inc rsv hosp,1,2026-10-17,27,quantile,0.8,9.0
2026-10-10,wk inc rsv hosp,1,2026-10-17,27,quantile,0.25,0.0
2026-10-10,wk inc rsv hosp,1,2026-10-17,27,quantile,0.75,9.0
2026-10-10,wk inc rsv hosp,1,2026-10-17,27,quantile,0.3,0.0
2026-10-10,wk inc rsv hosp,1,2026-10-17,27,quantile,0.7,8.0
2026-10-10,wk inc rsv hosp,1,2026-10-17,27,quantile,0.35,0.0
2026-10-10,wk inc rsv hosp,1,2026-10-17,27,quantile,0.65,7.0
2026-10-10,wk inc rsv hosp,1,2026-10-17,27,quantile,0.4,2.0
2026-10-10,wk inc rsv hosp,1,2026-10-17,27,quantile,0.6,5.0
2026-10-10,wk inc rsv hosp,1,2026-10-17,27,quantile,0.45,3.0
2026-10-10,wk inc rsv hosp,1,2026-10-17,27,quantile,0.55,4.0
2026-10-10,wk inc rsv hosp,1,2026-10-17,27,quantile,0.5,3.0
2026-10-10,wk inc rsv hosp,2,2026-10-24,27,quantile,0.01,0.0
2026-10-10,wk inc rsv hosp,2,2026-10-24,27,quantile,0.99,57.0
2026-10-10,wk inc rsv hosp,2,2026-10-24,27,quantile,0.025,0.0
2026-10-10,wk inc rsv hosp,2,2026-10-24,27,quantile,0.975,20.0
2026-10-10,wk inc rsv hosp,2,2026-10-24,27,quantile,0.05,0.0
2026-10-10,wk inc rsv hosp,2,2026-10-24,27,quantile,0.95,17.0
2026-10-10,wk inc rsv hosp,2,2026-10-24,27,quantile,0.1,0.0
2026-10-10,wk inc rsv hosp,2,2026-10-24,27,quantile,0.9,13.0
2026-10-10,wk inc rsv hosp,2,2026-10-24,27,quantile,0.15,0.0
2026-10-10,wk inc rsv hosp,2,2026-10-24,27,quantile,0.85,12.0
2026-10-10,wk inc rsv hosp,2,2026-10-24,27,quantile,0.2,0.0
2026-10-10,wk inc rsv hosp,2,2026-10-24,27,quantile,0.8,11.0
2026-10-10,wk inc rsv hosp,2,2026-10-24,27,quantile,0.25,0.0
2026-10-10,wk inc rsv hosp,2,2026-10-24,27,quantile,0.75,11.0
2026-10-10,wk inc rsv hosp,2,2026-10-24,27,quantile,0.3,0.0
2026-10-10,wk inc rsv hosp,2,2026-10-24,27,quantile,0.7,10.0
2026-10-10,wk inc rsv hosp,2,2026-10-24,27,quantile,0.35,0.0
2026-10-10,wk inc rsv hosp,2,2026-10-24,27,quantile,0.65,8.0
2026-10-10,wk inc rsv hosp,2,2026-10-24,27,quantile,0.4,2.0
2026-10-10,wk inc rsv hosp,2,2026-10-24,27,quantile,0.6,7.0
2026-10-10,wk inc rsv hosp,2,2026-10-24,27,quantile,0.45,4.0
2026-10-10,wk inc rsv hosp,2,2026-10-24,27,quantile,0.55,5.0
2026-10-10,wk inc rsv hosp,2,2026-10-24,27,quantile,0.5,4.0
2026-10-10,wk inc rsv hosp,3,2026-10-31,27,quantile,0.01,0.0
2026-10-10,wk inc rsv hosp,3,2026-10-31,27,quantile,0.99,106.0
2026-10-10,wk inc rsv hosp,3,2026-10-31,27,quantile,0.025,0.0
2026-10-10,wk inc rsv hosp,3,2026-10-31,27,quantile,0.975,23.0
2026-10-10,wk inc rsv hosp,3,2026-10-31,27,quantile,0.05,0.0
2026-10-10,wk inc rsv hosp,3,2026-10-31,27,quantile,0.95,19.0
2026-10-10,wk inc rsv hosp,3,2026-10-31,27,quantile,0.1,0.0
2026-10-10,wk inc rsv hosp,3,2026-10-31,27,quantile,0.9,16.0
2026-10-10,wk inc rsv hosp,3,2026-10-31,27,quantile,0.15,0.0
2026-10-10,wk inc rsv hosp,3,2026-10-31,27,quantile,0.85,13.0
2026-10-10,wk inc rsv hosp,3,2026-10-31,27,quantile,0.2,0.0
2026-10-10,wk inc rsv hosp,3,2026-10-31,27,quantile,0.8,11.0
2026-10-10,wk inc rsv hosp,3,2026-10-31,27,quantile,0.25,0.0
2026-10-10,wk inc rsv hosp,3,2026-10-31,27,quantile,0.75,11.0
2026-10-10,wk inc rsv hosp,3,2026-10-31,27,quantile,0.3,0.0
2026-10-10,wk inc rsv hosp,3,2026-10-31,27,quantile,0.7,10.0
2026-10-10,wk inc rsv hosp,3,2026-10-31,27,quantile,0.35,1.0
2026-10-10,wk inc rsv hosp,3,2026-10-31,27,quantile,0.65,9.0
2026-10-10,wk inc rsv hosp,3,2026-10-31,27,quantile,0.4,1.0
2026-10-10,wk inc rsv hosp,3,2026-10-31,27,quantile,0.6,8.0
2026-10-10,wk inc rsv hosp,3,2026-10-31,27,quantile,0.45,3.0
2026-10-10,wk inc rsv hosp,3,2026-10-31,27,quantile,0.55,6.0
2026-10-10,wk inc rsv hosp,3,2026-10-31,27,quantile,0.5,5.0
2026-10-10,wk inc rsv hosp,0,2026-10-10,35,quantile,0.01,0.0
2026-10-10,wk inc rsv hosp,0,2026-10-10,35,quantile,0.99,6.0
2026-10-10,wk inc rsv hosp,0,2026-10-10,35,quantile,0.025,0.0
2026-10-10,wk inc rsv hosp,0,2026-10-10,35,quantile,0.975,5.0
2026-10-10,wk inc rsv hosp,0,2026-10-10,35,quantile,0.05,0.0
2026-10-10,wk inc rsv hosp,0,2026-10-10,35,quantile,0.95,3.0
2026-10-10,wk inc rsv hosp,0,2026-10-10,35,quantile,0.1,0.0
2026-10-10,wk inc rsv hosp,0,2026-10-10,35,quantile,0.9,2.0
2026-10-10,wk inc rsv hosp,0,2026-10-10,35,quantile,0.15,0.0
2026-10-10,wk inc rsv hosp,0,2026-10-10,35,quantile,0.85,2.0
2026-10-10,wk inc rsv hosp,0,2026-10-10,35,quantile,0.2,0.0
2026-10-10,wk inc rsv hosp,0,2026-10-10,35,quantile,0.8,2.0
2026-10-10,wk inc rsv hosp,0,2026-10-10,35,quantile,0.25,0.0
2026-10-10,wk inc rsv hosp,0,2026-10-10,35,quantile,0.75,2.0
2026-10-10,wk inc rsv hosp,0,2026-10-10,35,quantile,0.3,0.0
2026-10-10,wk inc rsv hosp,0,2026-10-10,35,quantile,0.7,1.0
2026-10-10,wk inc rsv hosp,0,2026-10-10,35,quantile,0.35,1.0
2026-10-10,wk inc rsv hosp,0,2026-10-10,35,quantile,0.65,1.0
2026-10-10,wk inc rsv hosp,0,2026-10-10,35,quantile,0.4,1.0
2026-10-10,wk inc rsv hosp,0,2026-10-10,35,quantile,0.6,1.0
2026-10-10,wk inc rsv hosp,0,2026-10-10,35,quantile,0.45,1.0
2026-10-10,wk inc rsv hosp,0,2026-10-10,35,quantile,0.55,1.0
2026-10-10,wk inc rsv hosp,0,2026-10-10,35,quantile,0.5,1.0
2026-10-10,wk inc rsv hosp,1,2026-10-17,35,quantile,0.01,0.0
2026-10-10,wk inc rsv hosp,1,2026-10-17,35,quantile,0.99,9.0
2026-10-10,wk inc rsv hosp,1,2026-10-17,35,quantile,0.025,0.0
2026-10-10,wk inc rsv hosp,1,2026-10-17,35,quantile,0.975,6.0
2026-10-10,wk inc rsv hosp,1,2026-10-17,35,quantile,0.05,0.0
2026-10-10,wk inc rsv hosp,1,2026-10-17,35,quantile,0.95,3.0
2026-10-10,wk inc rsv hosp,1,2026-10-17,35,quantile,0.1,0.0
2026-10-10,wk inc rsv hosp,1,2026-10-17,35,quantile,0.9,2.0
2026-10-10,wk inc rsv hosp,1,2026-10-17,35,quantile,0.15,0.0
2026-10-10,wk inc rsv hosp,1,2026-10-17,35,quantile,0.85,2.0
2026-10-10,wk inc rsv hosp,1,2026-10-17,35,quantile,0.2,0.0
2026-10-10,wk inc rsv hosp,1,2026-10-17,35,quantile,0.8,2.0
2026-10-10,wk inc rsv hosp,1,2026-10-17,35,quantile,0.25,0.0
2026-10-10,wk inc rsv hosp,1,2026-10-17,35,quantile,0.75,2.0
2026-10-10,wk inc rsv hosp,1,2026-10-17,35,quantile,0.3,0.0
2026-10-10,wk inc rsv hosp,1,2026-10-17,35,quantile,0.7,1.0
2026-10-10,wk inc rsv hosp,1,2026-10-17,35,quantile,0.35,0.0
2026-10-10,wk inc rsv hosp,1,2026-10-17,35,quantile,0.65,1.0
2026-10-10,wk inc rsv hosp,1,2026-10-17,35,quantile,0.4,1.0
2026-10-10,wk inc rsv hosp,1,2026-10-17,35,quantile,0.6,1.0
2026-10-10,wk inc rsv hosp,1,2026-10-17,35,quantile,0.45,1.0
2026-10-10,wk inc rsv hosp,1,2026-10-17,35,quantile,0.55,1.0
2026-10-10,wk inc rsv hosp,1,2026-10-17,35,quantile,0.5,1.0
2026-10-10,wk inc rsv hosp,2,2026-10-24,35,quantile,0.01,0.0
2026-10-10,wk inc rsv hosp,2,2026-10-24,35,quantile,0.99,12.0
2026-10-10,wk inc rsv hosp,2,2026-10-24,35,quantile,0.025,0.0
2026-10-10,wk inc rsv hosp,2,2026-10-24,35,quantile,0.975,7.0
2026-10-10,wk inc rsv hosp,2,2026-10-24,35,quantile,0.05,0.0
2026-10-10,wk inc rsv hosp,2,2026-10-24,35,quantile,0.95,4.0
2026-10-10,wk inc rsv hosp,2,2026-10-24,35,quantile,0.1,0.0
2026-10-10,wk inc rsv hosp,2,2026-10-24,35,quantile,0.9,3.0
2026-10-10,wk inc rsv hosp,2,2026-10-24,35,quantile,0.15,0.0
2026-10-10,wk inc rsv hosp,2,2026-10-24,35,quantile,0.85,3.0
2026-10-10,wk inc rsv hosp,2,2026-10-24,35,quantile,0.2,0.0
2026-10-10,wk inc rsv hosp,2,2026-10-24,35,quantile,0.8,2.0
2026-10-10,wk inc rsv hosp,2,2026-10-24,35,quantile,0.25,0.0
2026-10-10,wk inc rsv hosp,2,2026-10-24,35,quantile,0.75,2.0
2026-10-10,wk inc rsv hosp,2,2026-10-24,35,quantile,0.3,0.0
2026-10-10,wk inc rsv hosp,2,2026-10-24,35,quantile,0.7,2.0
2026-10-10,wk inc rsv hosp,2,2026-10-24,35,quantile,0.35,0.0
2026-10-10,wk inc rsv hosp,2,2026-10-24,35,quantile,0.65,1.0
2026-10-10,wk inc rsv hosp,2,2026-10-24,35,quantile,0.4,1.0
2026-10-10,wk inc rsv hosp,2,2026-10-24,35,quantile,0.6,1.0
2026-10-10,wk inc rsv hosp,2,2026-10-24,35,quantile,0.45,1.0
2026-10-10,wk inc rsv hosp,2,2026-10-24,35,quantile,0.55,1.0
2026-10-10,wk inc rsv hosp,2,2026-10-24,35,quantile,0.5,1.0
2026-10-10,wk inc rsv hosp,3,2026-10-31,35,quantile,0.01,0.0
2026-10-10,wk inc rsv hosp,3,2026-10-31,35,quantile,0.99,18.0
2026-10-10,wk inc rsv hosp,3,2026-10-31,35,quantile,0.025,0.0
2026-10-10,wk inc rsv hosp,3,2026-10-31,35,quantile,0.975,8.0
2026-10-10,wk inc rsv hosp,3,2026-10-31,35,quantile,0.05,0.0
2026-10-10,wk inc rsv hosp,3,2026-10-31,35,quantile,0.95,7.0
2026-10-10,wk inc rsv hosp,3,2026-10-31,35,quantile,0.1,0.0
2026-10-10,wk inc rsv hosp,3,2026-10-31,35,quantile,0.9,4.0
2026-10-10,wk inc rsv hosp,3,2026-10-31,35,quantile,0.15,0.0
2026-10-10,wk inc rsv hosp,3,2026-10-31,35,quantile,0.85,3.0
2026-10-10,wk inc rsv hosp,3,2026-10-31,35,quantile,0.2,0.0
2026-10-10,wk inc rsv hosp,3,2026-10-31,35,quantile,0.8,2.0
2026-10-10,wk inc rsv hosp,3,2026-10-31,35,quantile,0.25,0.0
2026-10-10,wk inc rsv hosp,3,2026-10-31,35,quantile,0.75,2.0
2026-10-10,wk inc rsv hosp,3,2026-10-31,35,quantile,0.3,0.0
2026-10-10,wk inc rsv hosp,3,2026-10-31,35,quantile,0.7,2.0
2026-10-10,wk inc rsv hosp,3,2026-10-31,35,quantile,0.35,0.0
2026-10-10,wk inc rsv hosp,3,2026-10-31,35,quantile,0.65,2.0
2026-10-10,wk inc rsv hosp,3,2026-10-31,35,quantile,0.4,0.0
2026-10-10,wk inc rsv hosp,3,2026-10-31,35,quantile,0.6,1.0
2026-10-10,wk inc rsv hosp,3,2026-10-31,35,quantile,0.45,1.0
2026-10-10,wk inc rsv hosp,3,2026-10-31,35,quantile,0.55,1.0
2026-10-10,wk inc rsv hosp,3,2026-10-31,35,quantile,0.5,1.0
2026-10-10,wk inc rsv hosp,0,2026-10-10,36,quantile,0.01,0.0
2026-10-10,wk inc rsv hosp,0,2026-10-10,36,quantile,0.99,291.0
2026-10-10,wk inc rsv hosp,0,2026-10-10,36,quantile,0.025,0.0
2026-10-10,wk inc rsv hosp,0,2026-10-10,36,quantile,0.975,115.0
2026-10-10,wk inc rsv hosp,0,2026-10-10,36,quantile,0.05,1.0
2026-10-10,wk inc rsv hosp,0,2026-10-10,36,quantile,0.95,40.0
2026-10-10,wk inc rsv hosp,0,2026-10-10,36,quantile,0.1,6.0
2026-10-10,wk inc rsv hosp,0,2026-10-10,36,quantile,0.9,34.0
2026-10-10,wk inc rsv hosp,0,2026-10-10,36,quantile,0.15,11.0
2026-10-10,wk inc rsv hosp,0,2026-10-10,36,quantile,0.85,30.0
2026-10-10,wk inc rsv hosp,0,2026-10-10,36,quantile,0.2,15.0
2026-10-10,wk inc rsv hosp,0,2026-10-10,36,quantile,0.8,26.0
2026-10-10,wk inc rsv hosp,0,2026-10-10,36,quantile,0.25,15.0
2026-10-10,wk inc rsv hosp,0,2026-10-10,36,quantile,0.75,26.0
2026-10-10,wk inc rsv hosp,0,2026-10-10,36,quantile,0.3,18.0
2026-10-10,wk inc rsv hosp,0,2026-10-10,36,quantile,0.7,23.0
2026-10-10,wk inc rsv hosp,0,2026-10-10,36,quantile,0.35,18.0
2026-10-10,wk inc rsv hosp,0,2026-10-10,36,quantile,0.65,23.0
2026-10-10,wk inc rsv hosp,0,2026-10-10,36,quantile,0.4,19.0
2026-10-10,wk inc rsv hosp,0,2026-10-10,36,quantile,0.6,22.0
2026-10-10,wk inc rsv hosp,0,2026-10-10,36,quantile,0.45,20.0
2026-10-10,wk inc rsv hosp,0,2026-10-10,36,quantile,0.55,21.0
2026-10-10,wk inc rsv hosp,0,2026-10-10,36,quantile,0.5,20.0
2026-10-10,wk inc rsv hosp,1,2026-10-17,36,quantile,0.01,0.0
2026-10-10,wk inc rsv hosp,1,2026-10-17,36,quantile,0.99,448.0
2026-10-10,wk inc rsv hosp,1,2026-10-17,36,quantile,0.025,0.0
2026-10-10,wk inc rsv hosp,1,2026-10-17,36,quantile,0.975,236.0
2026-10-10,wk inc rsv hosp,1,2026-10-17,36,quantile,0.05,0.0
2026-10-10,wk inc rsv hosp,1,2026-10-17,36,quantile,0.95,71.0
2026-10-10,wk inc rsv hosp,1,2026-10-17,36,quantile,0.1,16.0
2026-10-10,wk inc rsv hosp,1,2026-10-17,36,quantile,0.9,44.0
2026-10-10,wk inc rsv hosp,1,2026-10-17,36,quantile,0.15,18.0
2026-10-10,wk inc rsv hosp,1,2026-10-17,36,quantile,0.85,43.0
2026-10-10,wk inc rsv hosp,1,2026-10-17,36,quantile,0.2,18.0
2026-10-10,wk inc rsv hosp,1,2026-10-17,36,quantile,0.8,42.0
2026-10-10,wk inc rsv hosp,1,2026-10-17,36,quantile,0.25,20.0
2026-10-10,wk inc rsv hosp,1,2026-10-17,36,quantile,0.75,40.0
2026-10-10,wk inc rsv hosp,1,2026-10-17,36,quantile,0.3,24.0
2026-10-10,wk inc rsv hosp,1,2026-10-17,36,quantile,0.7,36.0
2026-10-10,wk inc rsv hosp,1,2026-10-17,36,quantile,0.35,25.0
2026-10-10,wk inc rsv hosp,1,2026-10-17,36,quantile,0.65,36.0
2026-10-10,wk inc rsv hosp,1,2026-10-17,36,quantile,0.4,26.0
2026-10-10,wk inc rsv hosp,1,2026-10-17,36,quantile,0.6,34.0
2026-10-10,wk inc rsv hosp,1,2026-10-17,36,quantile,0.45,29.0
2026-10-10,wk inc rsv hosp,1,2026-10-17,36,quantile,0.55,31.0
2026-10-10,wk inc rsv hosp,1,2026-10-17,36,quantile,0.5,30.0
2026-10-10,wk inc rsv hosp,2,2026-10-24,36,quantile,0.01,0.0
2026-10-10,wk inc rsv hosp,2,2026-10-24,36,quantile,0.99,611.0
2026-10-10,wk inc rsv hosp,2,2026-10-24,36,quantile,0.025,0.0
2026-10-10,wk inc rsv hosp,2,2026-10-24,36,quantile,0.975,382.0
2026-10-10,wk inc rsv hosp,2,2026-10-24,36,quantile,0.05,0.0
2026-10-10,wk inc rsv hosp,2,2026-10-24,36,quantile,0.95,215.0
2026-10-10,wk inc rsv hosp,2,2026-10-24,36,quantile,0.1,21.0
2026-10-10,wk inc rsv hosp,2,2026-10-24,36,quantile,0.9,62.0
2026-10-10,wk inc rsv hosp,2,2026-10-24,36,quantile,0.15,26.0
2026-10-10,wk inc rsv hosp,2,2026-10-24,36,quantile,0.85,57.0
2026-10-10,wk inc rsv hosp,2,2026-10-24,36,quantile,0.2,31.0
2026-10-10,wk inc rsv hosp,2,2026-10-24,36,quantile,0.8,51.0
2026-10-10,wk inc rsv hosp,2,2026-10-24,36,quantile,0.25,33.0
2026-10-10,wk inc rsv hosp,2,2026-10-24,36,quantile,0.75,49.0
2026-10-10,wk inc rsv hosp,2,2026-10-24,36,quantile,0.3,35.0
2026-10-10,wk inc rsv hosp,2,2026-10-24,36,quantile,0.7,47.0
2026-10-10,wk inc rsv hosp,2,2026-10-24,36,quantile,0.35,35.0
2026-10-10,wk inc rsv hosp,2,2026-10-24,36,quantile,0.65,47.0
2026-10-10,wk inc rsv hosp,2,2026-10-24,36,quantile,0.4,36.0
2026-10-10,wk inc rsv hosp,2,2026-10-24,36,quantile,0.6,46.0
2026-10-10,wk inc rsv hosp,2,2026-10-24,36,quantile,0.45,40.0
2026-10-10,wk inc rsv hosp,2,2026-10-24,36,quantile,0.55,42.0
2026-10-10,wk inc rsv hosp,2,2026-10-24,36,quantile,0.5,41.0
2026-10-10,wk inc rsv hosp,3,2026-10-31,36,quantile,0.01,0.0
2026-10-10,wk inc rsv hosp,3,2026-10-31,36,quantile,0.99,771.0
2026-10-10,wk inc rsv hosp,3,2026-10-31,36,quantile,0.025,0.0
2026-10-10,wk inc rsv hosp,3,2026-10-31,36,quantile,0.975,532.0
2026-10-10,wk inc rsv hosp,3,2026-10-31,36,quantile,0.05,0.0
2026-10-10,wk inc rsv hosp,3,2026-10-31,36,quantile,0.95,319.0
2026-10-10,wk inc rsv hosp,3,2026-10-31,36,quantile,0.1,36.0
2026-10-10,wk inc rsv hosp,3,2026-10-31,36,quantile,0.9,82.0
2026-10-10,wk inc rsv hosp,3,2026-10-31,36,quantile,0.15,44.0
2026-10-10,wk inc rsv hosp,3,2026-10-31,36,quantile,0.85,74.0
2026-10-10,wk inc rsv hosp,3,2026-10-31,36,quantile,0.2,48.0
2026-10-10,wk inc rsv hosp,3,2026-10-31,36,quantile,0.8,70.0
2026-10-10,wk inc rsv hosp,3,2026-10-31,36,quantile,0.25,49.0
2026-10-10,wk inc rsv hosp,3,2026-10-31,36,quantile,0.75,69.0
2026-10-10,wk inc rsv hosp,3,2026-10-31,36,quantile,0.3,51.0
2026-10-10,wk inc rsv hosp,3,2026-10-31,36,quantile,0.7,67.0
2026-10-10,wk inc rsv hosp,3,2026-10-31,36,quantile,0.35,52.0
2026-10-10,wk inc rsv hosp,3,2026-10-31,36,quantile,0.65,66.0
2026-10-10,wk inc rsv hosp,3,2026-10-31,36,quantile,0.4,53.0
2026-10-10,wk inc rsv hosp,3,2026-10-31,36,quantile,0.6,64.0
2026-10-10,wk inc rsv hosp,3,2026-10-31,36,quantile,0.45,55.0
2026-10-10,wk inc rsv hosp,3,2026-10-31,36,quantile,0.55,63.0
2026-10-10,wk inc rsv hosp,3,2026-10-31,36,quantile,0.5,59.0
2026-10-10,wk inc rsv hosp,0,2026-10-10,41,quantile,0.01,0.0
2026-10-10,wk inc rsv hosp,0,2026-10-10,41,quantile,0.99,10.0
2026-10-10,wk inc rsv hosp,0,2026-10-10,41,quantile,0.025,0.0
2026-10-10,wk inc rsv hosp,0,2026-10-10,41,quantile,0.975,5.0
2026-10-10,wk inc rsv hosp,0,2026-10-10,41,quantile,0.05,0.0
2026-10-10,wk inc rsv hosp,0,2026-10-10,41,quantile,0.95,4.0
2026-10-10,wk inc rsv hosp,0,2026-10-10,41,quantile,0.1,0.0
2026-10-10,wk inc rsv hosp,0,2026-10-10,41,quantile,0.9,3.0
2026-10-10,wk inc rsv hosp,0,2026-10-10,41,quantile,0.15,0.0
2026-10-10,wk inc rsv hosp,0,2026-10-10,41,quantile,0.85,2.0
2026-10-10,wk inc rsv hosp,0,2026-10-10,41,quantile,0.2,1.0
2026-10-10,wk inc rsv hosp,0,2026-10-10,41,quantile,0.8,2.0
2026-10-10,wk inc rsv hosp,0,2026-10-10,41,quantile,0.25,1.0
2026-10-10,wk inc rsv hosp,0,2026-10-10,41,quantile,0.75,2.0
2026-10-10,wk inc rsv hosp,0,2026-10-10,41,quantile,0.3,1.0
2026-10-10,wk inc rsv hosp,0,2026-10-10,41,quantile,0.7,2.0
2026-10-10,wk inc rsv hosp,0,2026-10-10,41,quantile,0.35,1.0
2026-10-10,wk inc rsv hosp,0,2026-10-10,41,quantile,0.65,2.0
2026-10-10,wk inc rsv hosp,0,2026-10-10,41,quantile,0.4,1.0
2026-10-10,wk inc rsv hosp,0,2026-10-10,41,quantile,0.6,2.0
2026-10-10,wk inc rsv hosp,0,2026-10-10,41,quantile,0.45,1.0
2026-10-10,wk inc rsv hosp,0,2026-10-10,41,quantile,0.55,1.0
2026-10-10,wk inc rsv hosp,0,2026-10-10,41,quantile,0.5,1.0
2026-10-10,wk inc rsv hosp,1,2026-10-17,41,quantile,0.01,0.0
2026-10-10,wk inc rsv hosp,1,2026-10-17,41,quantile,0.99,12.0
2026-10-10,wk inc rsv hosp,1,2026-10-17,41,quantile,0.025,0.0
2026-10-10,wk inc rsv hosp,1,2026-10-17,41,quantile,0.975,6.0
2026-10-10,wk inc rsv hosp,1,2026-10-17,41,quantile,0.05,0.0
2026-10-10,wk inc rsv hosp,1,2026-10-17,41,quantile,0.95,5.0
2026-10-10,wk inc rsv hosp,1,2026-10-17,41,quantile,0.1,0.0
2026-10-10,wk inc rsv hosp,1,2026-10-17,41,quantile,0.9,3.0
2026-10-10,wk inc rsv hosp,1,2026-10-17,41,quantile,0.15,0.0
2026-10-10,wk inc rsv hosp,1,2026-10-17,41,quantile,0.85,3.0
2026-10-10,wk inc rsv hosp,1,2026-10-17,41,quantile,0.2,0.0
2026-10-10,wk inc rsv hosp,1,2026-10-17,41,quantile,0.8,3.0
2026-10-10,wk inc rsv hosp,1,2026-10-17,41,quantile,0.25,1.0
2026-10-10,wk inc rsv hosp,1,2026-10-17,41,quantile,0.75,2.0
2026-10-10,wk inc rsv hosp,1,2026-10-17,41,quantile,0.3,1.0
2026-10-10,wk inc rsv hosp,1,2026-10-17,41,quantile,0.7,2.0
2026-10-10,wk inc rsv hosp,1,2026-10-17,41,quantile,0.35,1.0
2026-10-10,wk inc rsv hosp,1,2026-10-17,41,quantile,0.65,2.0
2026-10-10,wk inc rsv hosp,1,2026-10-17,41,quantile,0.4,1.0
2026-10-10,wk inc rsv hosp,1,2026-10-17,41,quantile,0.6,2.0
2026-10-10,wk inc rsv hosp,1,2026-10-17,41,quantile,0.45,1.0
2026-10-10,wk inc rsv hosp,1,2026-10-17,41,quantile,0.55,2.0
2026-10-10,wk inc rsv hosp,1,2026-10-17,41,quantile,0.5,1.0
2026-10-10,wk inc rsv hosp,2,2026-10-24,41,quantile,0.01,0.0
2026-10-10,wk inc rsv hosp,2,2026-10-24,41,quantile,0.99,29.0
2026-10-10,wk inc rsv hosp,2,2026-10-24,41,quantile,0.025,0.0
2026-10-10,wk inc rsv hosp,2,2026-10-24,41,quantile,0.975,10.0
2026-10-10,wk inc rsv hosp,2,2026-10-24,41,quantile,0.05,0.0
2026-10-10,wk inc rsv hosp,2,2026-10-24,41,quantile,0.95,6.0
2026-10-10,wk inc rsv hosp,2,2026-10-24,41,quantile,0.1,0.0
2026-10-10,wk inc rsv hosp,2,2026-10-24,41,quantile,0.9,5.0
2026-10-10,wk inc rsv hosp,2,2026-10-24,41,quantile,0.15,0.0
2026-10-10,wk inc rsv hosp,2,2026-10-24,41,quantile,0.85,4.0
2026-10-10,wk inc rsv hosp,2,2026-10-24,41,quantile,0.2,1.0
2026-10-10,wk inc rsv hosp,2,2026-10-24,41,quantile,0.8,3.0
2026-10-10,wk inc rsv hosp,2,2026-10-24,41,quantile,0.25,1.0
2026-10-10,wk inc rsv hosp,2,2026-10-24,41,quantile,0.75,3.0
2026-10-10,wk inc rsv hosp,2,2026-10-24,41,quantile,0.3,1.0
2026-10-10,wk inc rsv hosp,2,2026-10-24,41,quantile,0.7,3.0
2026-10-10,wk inc rsv hosp,2,2026-10-24,41,quantile,0.35,1.0
2026-10-10,wk inc rsv hosp,2,2026-10-24,41,quantile,0.65,3.0
2026-10-10,wk inc rsv hosp,2,2026-10-24,41,quantile,0.4,1.0
2026-10-10,wk inc rsv hosp,2,2026-10-24,41,quantile,0.6,2.0
2026-10-10,wk inc rsv hosp,2,2026-10-24,41,quantile,0.45,2.0
2026-10-10,wk inc rsv hosp,2,2026-10-24,41,quantile,0.55,2.0
2026-10-10,wk inc rsv hosp,2,2026-10-24,41,quantile,0.5,2.0
2026-10-10,wk inc rsv hosp,3,2026-10-31,41,quantile,0.01,0.0
2026-10-10,wk inc rsv hosp,3,2026-10-31,41,quantile,0.99,32.0
2026-10-10,wk inc rsv hosp,3,2026-10-31,41,quantile,0.025,0.0
2026-10-10,wk inc rsv hosp,3,2026-10-31,41,quantile,0.975,13.0
2026-10-10,wk inc rsv hosp,3,2026-10-31,41,quantile,0.05,0.0
2026-10-10,wk inc rsv hosp,3,2026-10-31,41,quantile,0.95,7.0
2026-10-10,wk inc rsv hosp,3,2026-10-31,41,quantile,0.1,0.0
2026-10-10,wk inc rsv hosp,3,2026-10-31,41,quantile,0.9,5.0
2026-10-10,wk inc rsv hosp,3,2026-10-31,41,quantile,0.15,0.0
2026-10-10,wk inc rsv hosp,3,2026-10-31,41,quantile,0.85,3.0
2026-10-10,wk inc rsv hosp,3,2026-10-31,41,quantile,0.2,0.0
2026-10-10,wk inc rsv hosp,3,2026-10-31,41,quantile,0.8,3.0
2026-10-10,wk inc rsv hosp,3,2026-10-31,41,quantile,0.25,0.0
2026-10-10,wk inc rsv hosp,3,2026-10-31,41,quantile,0.75,2.0
2026-10-10,wk inc rsv hosp,3,2026-10-31,41,quantile,0.3,1.0
2026-10-10,wk inc rsv hosp,3,2026-10-31,41,quantile,0.7,2.0
2026-10-10,wk inc rsv hosp,3,2026-10-31,41,quantile,0.35,1.0
2026-10-10,wk inc rsv hosp,3,2026-10-31,41,quantile,0.65,2.0
2026-10-10,wk inc rsv hosp,3,2026-10-31,41,quantile,0.4,1.0
2026-10-10,wk inc rsv hosp,3,2026-10-31,41,quantile,0.6,2.0
2026-10-10,wk inc rsv hosp,3,2026-10-31,41,quantile,0.45,1.0
2026-10-10,wk inc rsv hosp,3,2026-10-31,41,quantile,0.55,2.0
2026-10-10,wk inc rsv hosp,3,2026-10-31,41,quantile,0.5,1.0
2026-10-10,wk inc rsv hosp,0,2026-10-10,47,quantile,0.01,0.0
2026-10-10,wk inc rsv hosp,0,2026-10-10,47,quantile,0.99,111.0
2026-10-10,wk inc rsv hosp,0,2026-10-10,47,quantile,0.025,0.0
2026-10-10,wk inc rsv hosp,0,2026-10-10,47,quantile,0.975,72.0
2026-10-10,wk inc rsv hosp,0,2026-10-10,47,quantile,0.05,0.0
2026-10-10,wk inc rsv hosp,0,2026-10-10,47,quantile,0.95,17.0
2026-10-10,wk inc rsv hosp,0,2026-10-10,47,quantile,0.1,0.0
2026-10-10,wk inc rsv hosp,0,2026-10-10,47,quantile,0.9,11.0
2026-10-10,wk inc rsv hosp,0,2026-10-10,47,quantile,0.15,2.0
2026-10-10,wk inc rsv hosp,0,2026-10-10,47,quantile,0.85,10.0
2026-10-10,wk inc rsv hosp,0,2026-10-10,47,quantile,0.2,3.0
2026-10-10,wk inc rsv hosp,0,2026-10-10,47,quantile,0.8,8.0
2026-10-10,wk inc rsv hosp,0,2026-10-10,47,quantile,0.25,3.0
2026-10-10,wk inc rsv hosp,0,2026-10-10,47,quantile,0.75,8.0
2026-10-10,wk inc rsv hosp,0,2026-10-10,47,quantile,0.3,4.0
2026-10-10,wk inc rsv hosp,0,2026-10-10,47,quantile,0.7,7.0
2026-10-10,wk inc rsv hosp,0,2026-10-10,47,quantile,0.35,4.0
2026-10-10,wk inc rsv hosp,0,2026-10-10,47,quantile,0.65,7.0
2026-10-10,wk inc rsv hosp,0,2026-10-10,47,quantile,0.4,5.0
2026-10-10,wk inc rsv hosp,0,2026-10-10,47,quantile,0.6,7.0
2026-10-10,wk inc rsv hosp,0,2026-10-10,47,quantile,0.45,5.0
2026-10-10,wk inc rsv hosp,0,2026-10-10,47,quantile,0.55,6.0
2026-10-10,wk inc rsv hosp,0,2026-10-10,47,quantile,0.5,6.0
2026-10-10,wk inc rsv hosp,1,2026-10-17,47,quantile,0.01,0.0
2026-10-10,wk inc rsv hosp,1,2026-10-17,47,quantile,0.99,117.0
2026-10-10,wk inc rsv hosp,1,2026-10-17,47,quantile,0.025,0.0
2026-10-10,wk inc rsv hosp,1,2026-10-17,47,quantile,0.975,96.0
2026-10-10,wk inc rsv hosp,1,2026-10-17,47,quantile,0.05,0.0
2026-10-10,wk inc rsv hosp,1,2026-10-17,47,quantile,0.95,27.0
2026-10-10,wk inc rsv hosp,1,2026-10-17,47,quantile,0.1,0.0
2026-10-10,wk inc rsv hosp,1,2026-10-17,47,quantile,0.9,13.0
2026-10-10,wk inc rsv hosp,1,2026-10-17,47,quantile,0.15,1.0
2026-10-10,wk inc rsv hosp,1,2026-10-17,47,quantile,0.85,11.0
2026-10-10,wk inc rsv hosp,1,2026-10-17,47,quantile,0.2,2.0
2026-10-10,wk inc rsv hosp,1,2026-10-17,47,quantile,0.8,10.0
2026-10-10,wk inc rsv hosp,1,2026-10-17,47,quantile,0.25,4.0
2026-10-10,wk inc rsv hosp,1,2026-10-17,47,quantile,0.75,9.0
2026-10-10,wk inc rsv hosp,1,2026-10-17,47,quantile,0.3,4.0
2026-10-10,wk inc rsv hosp,1,2026-10-17,47,quantile,0.7,8.0
2026-10-10,wk inc rsv hosp,1,2026-10-17,47,quantile,0.35,5.0
2026-10-10,wk inc rsv hosp,1,2026-10-17,47,quantile,0.65,7.0
2026-10-10,wk inc rsv hosp,1,2026-10-17,47,quantile,0.4,5.0
2026-10-10,wk inc rsv hosp,1,2026-10-17,47,quantile,0.6,7.0
2026-10-10,wk inc rsv hosp,1,2026-10-17,47,quantile,0.45,6.0
2026-10-10,wk inc rsv hosp,1,2026-10-17,47,quantile,0.55,6.0
2026-10-10,wk inc rsv hosp,1,2026-10-17,47,quantile,0.5,6.0
2026-10-10,wk inc rsv hosp,2,2026-10-24,47,quantile,0.01,0.0
2026-10-10,wk inc rsv hosp,2,2026-10-24,47,quantile,0.99,165.0
2026-10-10,wk inc rsv hosp,2,2026-10-24,47,quantile,0.025,0.0
2026-10-10,wk inc rsv hosp,2,2026-10-24,47,quantile,0.975,126.0
2026-10-10,wk inc rsv hosp,2,2026-10-24,47,quantile,0.05,0.0
2026-10-10,wk inc rsv hosp,2,2026-10-24,47,quantile,0.95,74.0
2026-10-10,wk inc rsv hosp,2,2026-10-24,47,quantile,0.1,0.0
2026-10-10,wk inc rsv hosp,2,2026-10-24,47,quantile,0.9,24.0
2026-10-10,wk inc rsv hosp,2,2026-10-24,47,quantile,0.15,1.0
2026-10-10,wk inc rsv hosp,2,2026-10-24,47,quantile,0.85,13.0
2026-10-10,wk inc rsv hosp,2,2026-10-24,47,quantile,0.2,2.0
2026-10-10,wk inc rsv hosp,2,2026-10-24,47,quantile,0.8,12.0
2026-10-10,wk inc rsv hosp,2,2026-10-24,47,quantile,0.25,5.0
2026-10-10,wk inc rsv hosp,2,2026-10-24,47,quantile,0.75,9.0
2026-10-10,wk inc rsv hosp,2,2026-10-24,47,quantile,0.3,5.0
2026-10-10,wk inc rsv hosp,2,2026-10-24,47,quantile,0.7,9.0
2026-10-10,wk inc rsv hosp,2,2026-10-24,47,quantile,0.35,6.0
2026-10-10,wk inc rsv hosp,2,2026-10-24,47,quantile,0.65,9.0
2026-10-10,wk inc rsv hosp,2,2026-10-24,47,quantile,0.4,6.0
2026-10-10,wk inc rsv hosp,2,2026-10-24,47,quantile,0.6,8.0
2026-10-10,wk inc rsv hosp,2,2026-10-24,47,quantile,0.45,7.0
2026-10-10,wk inc rsv hosp,2,2026-10-24,47,quantile,0.55,7.0
2026-10-10,wk inc rsv hosp,2,2026-10-24,47,quantile,0.5,7.0
2026-10-10,wk inc rsv hosp,3,2026-10-31,47,quantile,0.01,0.0
2026-10-10,wk inc rsv hosp,3,2026-10-31,47,quantile,0.99,173.0
2026-10-10,wk inc rsv hosp,3,2026-10-31,47,quantile,0.025,0.0
2026-10-10,wk inc rsv hosp,3,2026-10-31,47,quantile,0.975,151.0
2026-10-10,wk inc rsv hosp,3,2026-10-31,47,quantile,0.05,0.0
2026-10-10,wk inc rsv hosp,3,2026-10-31,47,quantile,0.95,98.0
2026-10-10,wk inc rsv hosp,3,2026-10-31,47,quantile,0.1,0.0
2026-10-10,wk inc rsv hosp,3,2026-10-31,47,quantile,0.9,31.0
2026-10-10,wk inc rsv hosp,3,2026-10-31,47,quantile,0.15,0.0
2026-10-10,wk inc rsv hosp,3,2026-10-31,47,quantile,0.85,15.0
2026-10-10,wk inc rsv hosp,3,2026-10-31,47,quantile,0.2,3.0
2026-10-10,wk inc rsv hosp,3,2026-10-31,47,quantile,0.8,12.0
2026-10-10,wk inc rsv hosp,3,2026-10-31,47,quantile,0.25,5.0
2026-10-10,wk inc rsv hosp,3,2026-10-31,47,quantile,0.75,10.0
2026-10-10,wk inc rsv hosp,3,2026-10-31,47,quantile,0.3,5.0
2026-10-10,wk inc rsv hosp,3,2026-10-31,47,quantile,0.7,10.0
2026-10-10,wk inc rsv hosp,3,2026-10-31,47,quantile,0.35,6.0
2026-10-10,wk inc rsv hosp,3,2026-10-31,47,quantile,0.65,9.0
2026-10-10,wk inc rsv hosp,3,2026-10-31,47,quantile,0.4,7.0
2026-10-10,wk inc rsv hosp,3,2026-10-31,47,quantile,0.6,8.0
2026-10-10,wk inc rsv hosp,3,2026-10-31,47,quantile,0.45,7.0
2026-10-10,wk inc rsv hosp,3,2026-10-31,47,quantile,0.55,8.0
2026-10-10,wk inc rsv hosp,3,2026-10-31,47,quantile,0.5,7.0
2026-10-10,wk inc rsv hosp,0,2026-10-10,49,quantile,0.01,0.0
2026-10-10,wk inc rsv hosp,0,2026-10-10,49,quantile,0.99,8.0
2026-10-10,wk inc rsv hosp,0,2026-10-10,49,quantile,0.025,0.0
2026-10-10,wk inc rsv hosp,0,2026-10-10,49,quantile,0.975,5.0
2026-10-10,wk inc rsv hosp,0,2026-10-10,49,quantile,0.05,0.0
2026-10-10,wk inc rsv hosp,0,2026-10-10,49,quantile,0.95,3.0
2026-10-10,wk inc rsv hosp,0,2026-10-10,49,quantile,0.1,0.0
2026-10-10,wk inc rsv hosp,0,2026-10-10,49,quantile,0.9,2.0
2026-10-10,wk inc rsv hosp,0,2026-10-10,49,quantile,0.15,0.0
2026-10-10,wk inc rsv hosp,0,2026-10-10,49,quantile,0.85,2.0
2026-10-10,wk inc rsv hosp,0,2026-10-10,49,quantile,0.2,0.0
2026-10-10,wk inc rsv hosp,0,2026-10-10,49,quantile,0.8,2.0
2026-10-10,wk inc rsv hosp,0,2026-10-10,49,quantile,0.25,0.0
2026-10-10,wk inc rsv hosp,0,2026-10-10,49,quantile,0.75,2.0
2026-10-10,wk inc rsv hosp,0,2026-10-10,49,quantile,0.3,0.0
2026-10-10,wk inc rsv hosp,0,2026-10-10,49,quantile,0.7,1.0
2026-10-10,wk inc rsv hosp,0,2026-10-10,49,quantile,0.35,1.0
2026-10-10,wk inc rsv hosp,0,2026-10-10,49,quantile,0.65,1.0
2026-10-10,wk inc rsv hosp,0,2026-10-10,49,quantile,0.4,1.0
2026-10-10,wk inc rsv hosp,0,2026-10-10,49,quantile,0.6,1.0
2026-10-10,wk inc rsv hosp,0,2026-10-10,49,quantile,0.45,1.0
2026-10-10,wk inc rsv hosp,0,2026-10-10,49,quantile,0.55,1.0
2026-10-10,wk inc rsv hosp,0,2026-10-10,49,quantile,0.5,1.0
2026-10-10,wk inc rsv hosp,1,2026-10-17,49,quantile,0.01,0.0
2026-10-10,wk inc rsv hosp,1,2026-10-17,49,quantile,0.99,9.0
2026-10-10,wk inc rsv hosp,1,2026-10-17,49,quantile,0.025,0.0
2026-10-10,wk inc rsv hosp,1,2026-10-17,49,quantile,0.975,7.0
2026-10-10,wk inc rsv hosp,1,2026-10-17,49,quantile,0.05,0.0
2026-10-10,wk inc rsv hosp,1,2026-10-17,49,quantile,0.95,6.0
2026-10-10,wk inc rsv hosp,1,2026-10-17,49,quantile,0.1,0.0
2026-10-10,wk inc rsv hosp,1,2026-10-17,49,quantile,0.9,2.0
2026-10-10,wk inc rsv hosp,1,2026-10-17,49,quantile,0.15,0.0
2026-10-10,wk inc rsv hosp,1,2026-10-17,49,quantile,0.85,2.0
2026-10-10,wk inc rsv hosp,1,2026-10-17,49,quantile,0.2,0.0
2026-10-10,wk inc rsv hosp,1,2026-10-17,49,quantile,0.8,2.0
2026-10-10,wk inc rsv hosp,1,2026-10-17,49,quantile,0.25,0.0
2026-10-10,wk inc rsv hosp,1,2026-10-17,49,quantile,0.75,2.0
2026-10-10,wk inc rsv hosp,1,2026-10-17,49,quantile,0.3,0.0
2026-10-10,wk inc rsv hosp,1,2026-10-17,49,quantile,0.7,1.0
2026-10-10,wk inc rsv hosp,1,2026-10-17,49,quantile,0.35,0.0
2026-10-10,wk inc rsv hosp,1,2026-10-17,49,quantile,0.65,1.0
2026-10-10,wk inc rsv hosp,1,2026-10-17,49,quantile,0.4,1.0
2026-10-10,wk inc rsv hosp,1,2026-10-17,49,quantile,0.6,1.0
2026-10-10,wk inc rsv hosp,1,2026-10-17,49,quantile,0.45,1.0
2026-10-10,wk inc rsv hosp,1,2026-10-17,49,quantile,0.55,1.0
2026-10-10,wk inc rsv hosp,1,2026-10-17,49,quantile,0.5,1.0
2026-10-10,wk inc rsv hosp,2,2026-10-24,49,quantile,0.01,0.0
2026-10-10,wk inc rsv hosp,2,2026-10-24,49,quantile,0.99,16.0
2026-10-10,wk inc rsv hosp,2,2026-10-24,49,quantile,0.025,0.0
2026-10-10,wk inc rsv hosp,2,2026-10-24,49,quantile,0.975,9.0
2026-10-10,wk inc rsv hosp,2,2026-10-24,49,quantile,0.05,0.0
2026-10-10,wk inc rsv hosp,2,2026-10-24,49,quantile,0.95,6.0
2026-10-10,wk inc rsv hosp,2,2026-10-24,49,quantile,0.1,0.0
2026-10-10,wk inc rsv hosp,2,2026-10-24,49,quantile,0.9,3.0
2026-10-10,wk inc rsv hosp,2,2026-10-24,49,quantile,0.15,0.0
2026-10-10,wk inc rsv hosp,2,2026-10-24,49,quantile,0.85,2.0
2026-10-10,wk inc rsv hosp,2,2026-10-24,49,quantile,0.2,0.0
2026-10-10,wk inc rsv hosp,2,2026-10-24,49,quantile,0.8,2.0
2026-10-10,wk inc rsv hosp,2,2026-10-24,49,quantile,0.25,0.0
2026-10-10,wk inc rsv hosp,2,2026-10-24,49,quantile,0.75,1.0
2026-10-10,wk inc rsv hosp,2,2026-10-24,49,quantile,0.3,0.0
2026-10-10,wk inc rsv hosp,2,2026-10-24,49,quantile,0.7,1.0
2026-10-10,wk inc rsv hosp,2,2026-10-24,49,quantile,0.35,0.0
2026-10-10,wk inc rsv hosp,2,2026-10-24,49,quantile,0.65,1.0
2026-10-10,wk inc rsv hosp,2,2026-10-24,49,quantile,0.4,1.0
2026-10-10,wk inc rsv hosp,2,2026-10-24,49,quantile,0.6,1.0
2026-10-10,wk inc rsv hosp,2,2026-10-24,49,quantile,0.45,1.0
2026-10-10,wk inc rsv hosp,2,2026-10-24,49,quantile,0.55,1.0
2026-10-10,wk inc rsv hosp,2,2026-10-24,49,quantile,0.5,1.0
2026-10-10,wk inc rsv hosp,3,2026-10-31,49,quantile,0.01,0.0
2026-10-10,wk inc rsv hosp,3,2026-10-31,49,quantile,0.99,27.0
2026-10-10,wk inc rsv hosp,3,2026-10-31,49,quantile,0.025,0.0
2026-10-10,wk inc rsv hosp,3,2026-10-31,49,quantile,0.975,8.0
2026-10-10,wk inc rsv hosp,3,2026-10-31,49,quantile,0.05,0.0
2026-10-10,wk inc rsv hosp,3,2026-10-31,49,quantile,0.95,5.0
2026-10-10,wk inc rsv hosp,3,2026-10-31,49,quantile,0.1,0.0
2026-10-10,wk inc rsv hosp,3,2026-10-31,49,quantile,0.9,4.0
2026-10-10,wk inc rsv hosp,3,2026-10-31,49,quantile,0.15,0.0
2026-10-10,wk inc rsv hosp,3,2026-10-31,49,quantile,0.85,2.0
2026-10-10,wk inc rsv hosp,3,2026-10-31,49,quantile,0.2,0.0
2026-10-10,wk inc rsv hosp,3,2026-10-31,49,quantile,0.8,2.0
2026-10-10,wk inc rsv hosp,3,2026-10-31,49,quantile,0.25,0.0
2026-10-10,wk inc rsv hosp,3,2026-10-31,49,quantile,0.75,1.0
2026-10-10,wk inc rsv hosp,3,2026-10-31,49,quantile,0.3,0.0
2026-10-10,wk inc rsv hosp,3,2026-10-31,49,quantile,0.7,1.0
2026-10-10,wk inc rsv hosp,3,2026-10-31,49,quantile,0.35,0.0
2026-10-10,wk inc rsv hosp,3,2026-10-31,49,quantile,0.65,1.0
2026-10-10,wk inc rsv hosp,3,2026-10-31,49,quantile,0.4,0.0
2026-10-10,wk inc rsv hosp,3,2026-10-31,49,quantile,0.6,1.0
2026-10-10,wk inc rsv hosp,3,2026-10-31,49,quantile,0.45,0.0
2026-10-10,wk inc rsv hosp,3,2026-10-31,49,quantile,0.55,1.0
2026-10-10,wk inc rsv hosp,3,2026-10-31,49,quantile,0.5,1.0
2026-10-10,wk inc rsv hosp,0,2026-10-10,US,quantile,0.01,0.0
2026-10-10,wk inc rsv hosp,0,2026-10-10,US,quantile,0.99,3652.0
2026-10-10,wk inc rsv hosp,0,2026-10-10,US,quantile,0.025,0.0
2026-10-10,wk inc rsv hosp,0,2026-10-10,US,quantile,0.975,1769.0
2026-10-10,wk inc rsv hosp,0,2026-10-10,US,quantile,0.05,159.0
2026-10-10,wk inc rsv hosp,0,2026-10-10,US,quantile,0.95,818.0
2026-10-10,wk inc rsv hosp,0,2026-10-10,US,quantile,0.1,223.0
2026-10-10,wk inc rsv hosp,0,2026-10-10,US,quantile,0.9,753.0
2026-10-10,wk inc rsv hosp,0,2026-10-10,US,quantile,0.15,338.0
2026-10-10,wk inc rsv hosp,0,2026-10-10,US,quantile,0.85,639.0
2026-10-10,wk inc rsv hosp,0,2026-10-10,US,quantile,0.2,348.0
2026-10-10,wk inc rsv hosp,0,2026-10-10,US,quantile,0.8,628.0
2026-10-10,wk inc rsv hosp,0,2026-10-10,US,quantile,0.25,373.0
2026-10-10,wk inc rsv hosp,0,2026-10-10,US,quantile,0.75,603.0
2026-10-10,wk inc rsv hosp,0,2026-10-10,US,quantile,0.3,388.0
2026-10-10,wk inc rsv hosp,0,2026-10-10,US,quantile,0.7,588.0
2026-10-10,wk inc rsv hosp,0,2026-10-10,US,quantile,0.35,430.0
2026-10-10,wk inc rsv hosp,0,2026-10-10,US,quantile,0.65,547.0
2026-10-10,wk inc rsv hosp,0,2026-10-10,US,quantile,0.4,469.0
2026-10-10,wk inc rsv hosp,0,2026-10-10,US,quantile,0.6,507.0
2026-10-10,wk inc rsv hosp,0,2026-10-10,US,quantile,0.45,485.0
2026-10-10,wk inc rsv hosp,0,2026-10-10,US,quantile,0.55,492.0
2026-10-10,wk inc rsv hosp,0,2026-10-10,US,quantile,0.5,488.0
2026-10-10,wk inc rsv hosp,1,2026-10-17,US,quantile,0.01,0.0
2026-10-10,wk inc rsv hosp,1,2026-10-17,US,quantile,0.99,4863.0
2026-10-10,wk inc rsv hosp,1,2026-10-17,US,quantile,0.025,0.0
2026-10-10,wk inc rsv hosp,1,2026-10-17,US,quantile,0.975,2798.0
2026-10-10,wk inc rsv hosp,1,2026-10-17,US,quantile,0.05,0.0
2026-10-10,wk inc rsv hosp,1,2026-10-17,US,quantile,0.95,1304.0
2026-10-10,wk inc rsv hosp,1,2026-10-17,US,quantile,0.1,71.0
2026-10-10,wk inc rsv hosp,1,2026-10-17,US,quantile,0.9,901.0
2026-10-10,wk inc rsv hosp,1,2026-10-17,US,quantile,0.15,199.0
2026-10-10,wk inc rsv hosp,1,2026-10-17,US,quantile,0.85,773.0
2026-10-10,wk inc rsv hosp,1,2026-10-17,US,quantile,0.2,319.0
2026-10-10,wk inc rsv hosp,1,2026-10-17,US,quantile,0.8,653.0
2026-10-10,wk inc rsv hosp,1,2026-10-17,US,quantile,0.25,322.0
2026-10-10,wk inc rsv hosp,1,2026-10-17,US,quantile,0.75,650.0
2026-10-10,wk inc rsv hosp,1,2026-10-17,US,quantile,0.3,355.0
2026-10-10,wk inc rsv hosp,1,2026-10-17,US,quantile,0.7,617.0
2026-10-10,wk inc rsv hosp,1,2026-10-17,US,quantile,0.35,389.0
2026-10-10,wk inc rsv hosp,1,2026-10-17,US,quantile,0.65,582.0
2026-10-10,wk inc rsv hosp,1,2026-10-17,US,quantile,0.4,444.0
2026-10-10,wk inc rsv hosp,1,2026-10-17,US,quantile,0.6,528.0
2026-10-10,wk inc rsv hosp,1,2026-10-17,US,quantile,0.45,481.0
2026-10-10,wk inc rsv hosp,1,2026-10-17,US,quantile,0.55,490.0
2026-10-10,wk inc rsv hosp,1,2026-10-17,US,quantile,0.5,486.0
2026-10-10,wk inc rsv hosp,2,2026-10-24,US,quantile,0.01,0.0
2026-10-10,wk inc rsv hosp,2,2026-10-24,US,quantile,0.99,6045.0
2026-10-10,wk inc rsv hosp,2,2026-10-24,US,quantile,0.025,0.0
2026-10-10,wk inc rsv hosp,2,2026-10-24,US,quantile,0.975,3696.0
2026-10-10,wk inc rsv hosp,2,2026-10-24,US,quantile,0.05,0.0
2026-10-10,wk inc rsv hosp,2,2026-10-24,US,quantile,0.95,3016.0
2026-10-10,wk inc rsv hosp,2,2026-10-24,US,quantile,0.1,96.0
2026-10-10,wk inc rsv hosp,2,2026-10-24,US,quantile,0.9,1049.0
2026-10-10,wk inc rsv hosp,2,2026-10-24,US,quantile,0.15,145.0
2026-10-10,wk inc rsv hosp,2,2026-10-24,US,quantile,0.85,1000.0
2026-10-10,wk inc rsv hosp,2,2026-10-24,US,quantile,0.2,301.0
2026-10-10,wk inc rsv hosp,2,2026-10-24,US,quantile,0.8,845.0
2026-10-10,wk inc rsv hosp,2,2026-10-24,US,quantile,0.25,396.0
2026-10-10,wk inc rsv hosp,2,2026-10-24,US,quantile,0.75,749.0
2026-10-10,wk inc rsv hosp,2,2026-10-24,US,quantile,0.3,402.0
2026-10-10,wk inc rsv hosp,2,2026-10-24,US,quantile,0.7,743.0
2026-10-10,wk inc rsv hosp,2,2026-10-24,US,quantile,0.35,420.0
2026-10-10,wk inc rsv hosp,2,2026-10-24,US,quantile,0.65,725.0
2026-10-10,wk inc rsv hosp,2,2026-10-24,US,quantile,0.4,471.0
2026-10-10,wk inc rsv hosp,2,2026-10-24,US,quantile,0.6,674.0
2026-10-10,wk inc rsv hosp,2,2026-10-24,US,quantile,0.45,568.0
2026-10-10,wk inc rsv hosp,2,2026-10-24,US,quantile,0.55,577.0
2026-10-10,wk inc rsv hosp,2,2026-10-24,US,quantile,0.5,573.0
2026-10-10,wk inc rsv hosp,3,2026-10-31,US,quantile,0.01,0.0
2026-10-10,wk inc rsv hosp,3,2026-10-31,US,quantile,0.99,7667.0
2026-10-10,wk inc rsv hosp,3,2026-10-31,US,quantile,0.025,0.0
2026-10-10,wk inc rsv hosp,3,2026-10-31,US,quantile,0.975,4777.0
2026-10-10,wk inc rsv hosp,3,2026-10-31,US,quantile,0.05,0.0
2026-10-10,wk inc rsv hosp,3,2026-10-31,US,quantile,0.95,3460.0
2026-10-10,wk inc rsv hosp,3,2026-10-31,US,quantile,0.1,0.0
2026-10-10,wk inc rsv hosp,3,2026-10-31,US,quantile,0.9,1598.0
2026-10-10,wk inc rsv hosp,3,2026-10-31,US,quantile,0.15,165.0
2026-10-10,wk inc rsv hosp,3,2026-10-31,US,quantile,0.85,1094.0
2026-10-10,wk inc rsv hosp,3,2026-10-31,US,quantile,0.2,343.0
2026-10-10,wk inc rsv hosp,3,2026-10-31,US,quantile,0.8,915.0
2026-10-10,wk inc rsv hosp,3,2026-10-31,US,quantile,0.25,376.0
2026-10-10,wk inc rsv hosp,3,2026-10-31,US,quantile,0.75,882.0
2026-10-10,wk inc rsv hosp,3,2026-10-31,US,quantile,0.3,427.0
2026-10-10,wk inc rsv hosp,3,2026-10-31,US,quantile,0.7,832.0
2026-10-10,wk inc rsv hosp,3,2026-10-31,US,quantile,0.35,474.0
2026-10-10,wk inc rsv hosp,3,2026-10-31,US,quantile,0.65,785.0
2026-10-10,wk inc rsv hosp,3,2026-10-31,US,quantile,0.4,513.0
2026-10-10,wk inc rsv hosp,3,2026-10-31,US,quantile,0.6,746.0
2026-10-10,wk inc rsv hosp,3,2026-10-31,US,quantile,0.45,579.0
2026-10-10,wk inc rsv hosp,3,2026-10-31,US,quantile,0.55,679.0
2026-10-10,wk inc rsv hosp,3,2026-10-31,US,quantile,0.5,629.0
