reference_date,horizon,target,target_end_date,location,output_type,output_type_id,value
2026-02-21,0,wk inc rsv hosp,2026-02-21,06,quantile,0.01,400.2741699999999
2026-02-21,0,wk inc rsv hosp,2026-02-21,06,quantile,0.025,400.2741699999999
2026-02-21,0,wk inc rsv hosp,2026-02-21,06,quantile,0.05,400.2741699999999
2026-02-21,0,wk inc rsv hosp,2026-02-21,06,quantile,0.1,400.2741699999999
2026-02-21,0,wk inc rsv hosp,2026-02-21,06,quantile,0.15,402.3656456739047
2026-02-21,0,wk inc rsv hosp,2026-02-21,06,quantile,0.2,428.4030192159999
2026-02-21,0,wk inc rsv hosp,2026-02-21,06,quantile,0.25,428.622663911111
2026-02-21,0,wk inc rsv hosp,2026-02-21,06,quantile,0.3,447.37680525767615
2026-02-21,0,wk inc rsv hosp,2026-02-21,06,quantile,0.35,447.5684119284698
2026-02-21,0,wk inc rsv hosp,2026-02-21,06,quantile,0.4,449.6501982581524
2026-02-21,0,wk inc rsv hosp,2026-02-21,06,quantile,0.45,471.0937547549243
2026-02-21,0,wk inc rsv hosp,2026-02-21,06,quantile,0.5,474.6689741666666
2026-02-21,0,wk inc rsv hosp,2026-02-21,06,quantile,0.55,477.1553452450756
2026-02-21,0,wk inc rsv hosp,2026-02-21,06,quantile,0.6,498.5989017418475
2026-02-21,0,wk inc rsv hosp,2026-02-21,06,quantile,0.65,500.6806880715301
2026-02-21,0,wk inc rsv hosp,2026-02-21,06,quantile,0.7,500.8722947423238
2026-02-21,0,wk inc rsv hosp,2026-02-21,06,quantile,0.75,519.6264360888889
2026-02-21,0,wk inc rsv hosp,2026-02-21,06,quantile,0.8,519.8460807839999
2026-02-21,0,wk inc rsv hosp,2026-02-21,06,quantile,0.85,545.8834543260953
2026-02-21,0,wk inc rsv hosp,2026-02-21,06,quantile,0.9,547.97493
2026-02-21,0,wk inc rsv hosp,2026-02-21,06,quantile,0.95,547.97493
2026-02-21,0,wk inc rsv hosp,2026-02-21,06,quantile,0.975,547.97493
2026-02-21,0,wk inc rsv hosp,2026-02-21,06,quantile,0.99,547.97493
2026-02-21,0,wk inc rsv hosp,2026-02-21,08,quantile,0.01,151.3414366666667
2026-02-21,0,wk inc rsv hosp,2026-02-21,08,quantile,0.025,151.3414366666667
2026-02-21,0,wk inc rsv hosp,2026-02-21,08,quantile,0.05,151.3414366666667
2026-02-21,0,wk inc rsv hosp,2026-02-21,08,quantile,0.1,151.3414366666667
2026-02-21,0,wk inc rsv hosp,2026-02-21,08,quantile,0.15,151.3414366666667
2026-02-21,0,wk inc rsv hosp,2026-02-21,08,quantile,0.2,159.98544806831742
2026-02-21,0,wk inc rsv hosp,2026-02-21,08,quantile,0.25,195.70677577600003
2026-02-21,0,wk inc rsv hosp,2026-02-21,08,quantile,0.3,197.10241301928
2026-02-21,0,wk inc rsv hosp,2026-02-21,08,quantile,0.35,198.00819996388003
2026-02-21,0,wk inc rsv hosp,2026-02-21,08,quantile,0.4,199.3973879107124
2026-02-21,0,wk inc rsv hosp,2026-02-21,08,quantile,0.45,200.7124016692095
2026-02-21,0,wk inc rsv hosp,2026-02-21,08,quantile,0.5,203.73757225
2026-02-21,0,wk inc rsv hosp,2026-02-21,08,quantile,0.55,206.32728499745724
2026-02-21,0,wk inc rsv hosp,2026-02-21,08,quantile,0.6,207.64229875595433
2026-02-21,0,wk inc rsv hosp,2026-02-21,08,quantile,0.65,209.0314867027867
2026-02-21,0,wk inc rsv hosp,2026-02-21,08,quantile,0.7,209.93727364738672
2026-02-21,0,wk inc rsv hosp,2026-02-21,08,quantile,0.75,211.3329108906667
2026-02-21,0,wk inc rsv hosp,2026-02-21,08,quantile,0.8,247.05423859834931
2026-02-21,0,wk inc rsv hosp,2026-02-21,08,quantile,0.85,255.69825000000003
2026-02-21,0,wk inc rsv hosp,2026-02-21,08,quantile,0.9,255.69825000000003
2026-02-21,0,wk inc rsv hosp,2026-02-21,08,quantile,0.95,255.69825000000003
2026-02-21,0,wk inc rsv hosp,2026-02-21,08,quantile,0.975,255.69825000000003
2026-02-21,0,wk inc rsv hosp,2026-02-21,08,quantile,0.99,255.69825000000003
2026-02-21,0,wk inc rsv hosp,2026-02-21,09,quantile,0.01,85.35766266666667
2026-02-21,0,wk inc rsv hosp,2026-02-21,09,quantile,0.025,85.35766266666667
2026-02-21,0,wk inc rsv hosp,2026-02-21,09,quantile,0.05,85.35766266666667
2026-02-21,0,wk inc rsv hosp,2026-02-21,09,quantile,0.1,100.20435590738413
2026-02-21,0,wk inc rsv hosp,2026-02-21,09,quantile,0.15,101.43544577182224
2026-02-21,0,wk inc rsv hosp,2026-02-21,09,quantile,0.2,102.53877562030476
2026-02-21,0,wk inc rsv hosp,2026-02-21,09,quantile,0.25,107.60673901645332
2026-02-21,0,wk inc rsv hosp,2026-02-21,09,quantile,0.3,107.73941170908094
2026-02-21,0,wk inc rsv hosp,2026-02-21,09,quantile,0.35,108.31880279526096
2026-02-21,0,wk inc rsv hosp,2026-02-21,09,quantile,0.4,109.60912040223238
2026-02-21,0,wk inc rsv hosp,2026-02-21,09,quantile,0.45,110.48891462413714
2026-02-21,0,wk inc rsv hosp,2026-02-21,09,quantile,0.5,111.77476208333331
2026-02-21,0,wk inc rsv hosp,2026-02-21,09,quantile,0.55,112.91333504252952
2026-02-21,0,wk inc rsv hosp,2026-02-21,09,quantile,0.6,113.79312926443428
2026-02-21,0,wk inc rsv hosp,2026-02-21,09,quantile,0.65,115.0834468714057
2026-02-21,0,wk inc rsv hosp,2026-02-21,09,quantile,0.7,115.66283795758572
2026-02-21,0,wk inc rsv hosp,2026-02-21,09,quantile,0.75,115.79551065021332
2026-02-21,0,wk inc rsv hosp,2026-02-21,09,quantile,0.8,120.86347404636189
2026-02-21,0,wk inc rsv hosp,2026-02-21,09,quantile,0.85,121.96680389484442
2026-02-21,0,wk inc rsv hosp,2026-02-21,09,quantile,0.9,123.19789375928252
2026-02-21,0,wk inc rsv hosp,2026-02-21,09,quantile,0.95,138.04458699999998
2026-02-21,0,wk inc rsv hosp,2026-02-21,09,quantile,0.975,138.04458699999998
2026-02-21,0,wk inc rsv hosp,2026-02-21,09,quantile,0.99,138.04458699999998
2026-02-21,0,wk inc rsv hosp,2026-02-21,13,quantile,0.01,139.838415
2026-02-21,0,wk inc rsv hosp,2026-02-21,13,quantile,0.025,139.838415
2026-02-21,0,wk inc rsv hosp,2026-02-21,13,quantile,0.05,139.838415
2026-02-21,0,wk inc rsv hosp,2026-02-21,13,quantile,0.1,139.838415
2026-02-21,0,wk inc rsv hosp,2026-02-21,13,quantile,0.15,139.838415
2026-02-21,0,wk inc rsv hosp,2026-02-21,13,quantile,0.2,142.62705984533326
2026-02-21,0,wk inc rsv hosp,2026-02-21,13,quantile,0.25,195.929202687492
2026-02-21,0,wk inc rsv hosp,2026-02-21,13,quantile,0.3,208.36137042133328
2026-02-21,0,wk inc rsv hosp,2026-02-21,13,quantile,0.35,209.0132424256
2026-02-21,0,wk inc rsv hosp,2026-02-21,13,quantile,0.4,215.6266386348952
2026-02-21,0,wk inc rsv hosp,2026-02-21,13,quantile,0.45,219.41212165626663
2026-02-21,0,wk inc rsv hosp,2026-02-21,13,quantile,0.5,222.23082666666664
2026-02-21,0,wk inc rsv hosp,2026-02-21,13,quantile,0.55,223.2618116770666
2026-02-21,0,wk inc rsv hosp,2026-02-21,13,quantile,0.6,227.04729469843804
2026-02-21,0,wk inc rsv hosp,2026-02-21,13,quantile,0.65,233.66069090773323
2026-02-21,0,wk inc rsv hosp,2026-02-21,13,quantile,0.7,234.312562912
2026-02-21,0,wk inc rsv hosp,2026-02-21,13,quantile,0.75,246.74473064584123
2026-02-21,0,wk inc rsv hosp,2026-02-21,13,quantile,0.8,300.04687348799996
2026-02-21,0,wk inc rsv hosp,2026-02-21,13,quantile,0.85,302.83551833333325
2026-02-21,0,wk inc rsv hosp,2026-02-21,13,quantile,0.9,302.83551833333325
2026-02-21,0,wk inc rsv hosp,2026-02-21,13,quantile,0.95,302.83551833333325
2026-02-21,0,wk inc rsv hosp,2026-02-21,13,quantile,0.975,302.83551833333325
2026-02-21,0,wk inc rsv hosp,2026-02-21,13,quantile,0.99,302.83551833333325
2026-02-21,0,wk inc rsv hosp,2026-02-21,24,quantile,0.01,62.28928333333333
2026-02-21,0,wk inc rsv hosp,2026-02-21,24,quantile,0.025,62.28928333333333
2026-02-21,0,wk inc rsv hosp,2026-02-21,24,quantile,0.05,62.28928333333333
2026-02-21,0,wk inc rsv hosp,2026-02-21,24,quantile,0.1,79.39319598704762
2026-02-21,0,wk inc rsv hosp,2026-02-21,24,quantile,0.15,79.8543821055238
2026-02-21,0,wk inc rsv hosp,2026-02-21,24,quantile,0.2,97.85515363599995
2026-02-21,0,wk inc rsv hosp,2026-02-21,24,quantile,0.25,100.9980841974857
2026-02-21,0,wk inc rsv hosp,2026-02-21,24,quantile,0.3,105.04726579402984
2026-02-21,0,wk inc rsv hosp,2026-02-21,24,quantile,0.35,107.48976102050284
2026-02-21,0,wk inc rsv hosp,2026-02-21,24,quantile,0.4,108.21901928788266
2026-02-21,0,wk inc rsv hosp,2026-02-21,24,quantile,0.45,111.47420525685332
2026-02-21,0,wk inc rsv hosp,2026-02-21,24,quantile,0.5,112.751113
2026-02-21,0,wk inc rsv hosp,2026-02-21,24,quantile,0.55,113.54219140981334
2026-02-21,0,wk inc rsv hosp,2026-02-21,24,quantile,0.6,116.797377378784
2026-02-21,0,wk inc rsv hosp,2026-02-21,24,quantile,0.65,117.5266356461638
2026-02-21,0,wk inc rsv hosp,2026-02-21,24,quantile,0.7,119.9691308726368
2026-02-21,0,wk inc rsv hosp,2026-02-21,24,quantile,0.75,124.01831246918096
2026-02-21,0,wk inc rsv hosp,2026-02-21,24,quantile,0.8,127.16124303066668
2026-02-21,0,wk inc rsv hosp,2026-02-21,24,quantile,0.85,145.16201456114285
2026-02-21,0,wk inc rsv hosp,2026-02-21,24,quantile,0.9,145.62320067961903
2026-02-21,0,wk inc rsv hosp,2026-02-21,24,quantile,0.95,162.7271133333333
2026-02-21,0,wk inc rsv hosp,2026-02-21,24,quantile,0.975,162.7271133333333
2026-02-21,0,wk inc rsv hosp,2026-02-21,24,quantile,0.99,162.7271133333333
2026-02-21,0,wk inc rsv hosp,2026-02-21,26,quantile,0.01,100.571484
2026-02-21,0,wk inc rsv hosp,2026-02-21,26,quantile,0.025,100.571484
2026-02-21,0,wk inc rsv hosp,2026-02-21,26,quantile,0.05,100.571484
2026-02-21,0,wk inc rsv hosp,2026-02-21,26,quantile,0.1,100.571484
2026-02-21,0,wk inc rsv hosp,2026-02-21,26,quantile,0.15,110.73600958628565
2026-02-21,0,wk inc rsv hosp,2026-02-21,26,quantile,0.2,121.11349547501156
2026-02-21,0,wk inc rsv hosp,2026-02-21,26,quantile,0.25,122.35644216850794
2026-02-21,0,wk inc rsv hosp,2026-02-21,26,quantile,0.3,125.5389560512038
2026-02-21,0,wk inc rsv hosp,2026-02-21,26,quantile,0.35,127.40173685442896
2026-02-21,0,wk inc rsv hosp,2026-02-21,26,quantile,0.4,127.9742946863975
2026-02-21,0,wk inc rsv hosp,2026-02-21,26,quantile,0.45,130.65512677101458
2026-02-21,0,wk inc rsv hosp,2026-02-21,26,quantile,0.5,130.89440801666666
2026-02-21,0,wk inc rsv hosp,2026-02-21,26,quantile,0.55,131.06876656231873
2026-02-21,0,wk inc rsv hosp,2026-02-21,26,quantile,0.6,133.7495986469358
2026-02-21,0,wk inc rsv hosp,2026-02-21,26,quantile,0.65,134.32215647890436
2026-02-21,0,wk inc rsv hosp,2026-02-21,26,quantile,0.7,136.1849372821295
2026-02-21,0,wk inc rsv hosp,2026-02-21,26,quantile,0.75,139.36745116482538
2026-02-21,0,wk inc rsv hosp,2026-02-21,26,quantile,0.8,140.61039785832176
2026-02-21,0,wk inc rsv hosp,2026-02-21,26,quantile,0.85,150.98788374704768
2026-02-21,0,wk inc rsv hosp,2026-02-21,26,quantile,0.9,161.1524093333333
2026-02-21,0,wk inc rsv hosp,2026-02-21,26,quantile,0.95,161.1524093333333
2026-02-21,0,wk inc rsv hosp,2026-02-21,26,quantile,0.975,161.1524093333333
2026-02-21,0,wk inc rsv hosp,2026-02-21,26,quantile,0.99,161.1524093333333
2026-02-21,0,wk inc rsv hosp,2026-02-21,27,quantile,0.01,142.53761416666669
2026-02-21,0,wk inc rsv hosp,2026-02-21,27,quantile,0.025,142.53761416666669
2026-02-21,0,wk inc rsv hosp,2026-02-21,27,quantile,0.05,142.53761416666669
2026-02-21,0,wk inc rsv hosp,2026-02-21,27,quantile,0.1,142.73958086320002
2026-02-21,0,wk inc rsv hosp,2026-02-21,27,quantile,0.15,153.1641695842666
2026-02-21,0,wk inc rsv hosp,2026-02-21,27,quantile,0.2,158.32889501546668
2026-02-21,0,wk inc rsv hosp,2026-02-21,27,quantile,0.25,159.06965482238732
2026-02-21,0,wk inc rsv hosp,2026-02-21,27,quantile,0.3,161.06565254827936
2026-02-21,0,wk inc rsv hosp,2026-02-21,27,quantile,0.35,162.95621552730017
2026-02-21,0,wk inc rsv hosp,2026-02-21,27,quantile,0.4,162.96210421474348
2026-02-21,0,wk inc rsv hosp,2026-02-21,27,quantile,0.45,164.34974435235557
2026-02-21,0,wk inc rsv hosp,2026-02-21,27,quantile,0.5,166.77778450000002
2026-02-21,0,wk inc rsv hosp,2026-02-21,27,quantile,0.55,167.91001564764446
2026-02-21,0,wk inc rsv hosp,2026-02-21,27,quantile,0.6,169.29765578525655
2026-02-21,0,wk inc rsv hosp,2026-02-21,27,quantile,0.65,169.30354447269988
2026-02-21,0,wk inc rsv hosp,2026-02-21,27,quantile,0.7,171.19410745172067
2026-02-21,0,wk inc rsv hosp,2026-02-21,27,quantile,0.75,173.1901051776127
2026-02-21,0,wk inc rsv hosp,2026-02-21,27,quantile,0.8,173.93086498453334
2026-02-21,0,wk inc rsv hosp,2026-02-21,27,quantile,0.85,179.09559041573343
2026-02-21,0,wk inc rsv hosp,2026-02-21,27,quantile,0.9,189.5201791368
2026-02-21,0,wk inc rsv hosp,2026-02-21,27,quantile,0.95,189.72214583333337
2026-02-21,0,wk inc rsv hosp,2026-02-21,27,quantile,0.975,189.72214583333337
2026-02-21,0,wk inc rsv hosp,2026-02-21,27,quantile,0.99,189.72214583333337
2026-02-21,0,wk inc rsv hosp,2026-02-21,35,quantile,0.01,86.18873466666665
2026-02-21,0,wk inc rsv hosp,2026-02-21,35,quantile,0.025,86.18873466666665
2026-02-21,0,wk inc rsv hosp,2026-02-21,35,quantile,0.05,94.70757682603174
2026-02-21,0,wk inc rsv hosp,2026-02-21,35,quantile,0.1,101.92817077960316
2026-02-21,0,wk inc rsv hosp,2026-02-21,35,quantile,0.15,104.01435443968248
2026-02-21,0,wk inc rsv hosp,2026-02-21,35,quantile,0.2,110.85442575326664
2026-02-21,0,wk inc rsv hosp,2026-02-21,35,quantile,0.25,111.77984540243808
2026-02-21,0,wk inc rsv hosp,2026-02-21,35,quantile,0.3,113.05793892731428
2026-02-21,0,wk inc rsv hosp,2026-02-21,35,quantile,0.35,113.61675899030854
2026-02-21,0,wk inc rsv hosp,2026-02-21,35,quantile,0.4,115.38508747417777
2026-02-21,0,wk inc rsv hosp,2026-02-21,35,quantile,0.45,116.59843106841348
2026-02-21,0,wk inc rsv hosp,2026-02-21,35,quantile,0.5,117.28769921666664
2026-02-21,0,wk inc rsv hosp,2026-02-21,35,quantile,0.55,117.45113559825316
2026-02-21,0,wk inc rsv hosp,2026-02-21,35,quantile,0.6,118.66447919248888
2026-02-21,0,wk inc rsv hosp,2026-02-21,35,quantile,0.65,120.4328076763581
2026-02-21,0,wk inc rsv hosp,2026-02-21,35,quantile,0.7,120.99162773935235
2026-02-21,0,wk inc rsv hosp,2026-02-21,35,quantile,0.75,122.26972126422856
2026-02-21,0,wk inc rsv hosp,2026-02-21,35,quantile,0.8,123.19514091339998
2026-02-21,0,wk inc rsv hosp,2026-02-21,35,quantile,0.85,130.03521222698413
2026-02-21,0,wk inc rsv hosp,2026-02-21,35,quantile,0.9,132.12139588706347
2026-02-21,0,wk inc rsv hosp,2026-02-21,35,quantile,0.95,139.34198984063488
2026-02-21,0,wk inc rsv hosp,2026-02-21,35,quantile,0.975,147.860832
2026-02-21,0,wk inc rsv hosp,2026-02-21,35,quantile,0.99,147.860832
2026-02-21,0,wk inc rsv hosp,2026-02-21,36,quantile,0.01,482.93142166666667
2026-02-21,0,wk inc rsv hosp,2026-02-21,36,quantile,0.025,482.93142166666667
2026-02-21,0,wk inc rsv hosp,2026-02-21,36,quantile,0.05,482.93142166666667
2026-02-21,0,wk inc rsv hosp,2026-02-21,36,quantile,0.1,482.93142166666667
2026-02-21,0,wk inc rsv hosp,2026-02-21,36,quantile,0.15,482.93142166666667
2026-02-21,0,wk inc rsv hosp,2026-02-21,36,quantile,0.2,482.93142166666667
2026-02-21,0,wk inc rsv hosp,2026-02-21,36,quantile,0.25,482.93142166666667
2026-02-21,0,wk inc rsv hosp,2026-02-21,36,quantile,0.3,489.2417534769522
2026-02-21,0,wk inc rsv hosp,2026-02-21,36,quantile,0.35,530.6748085010793
2026-02-21,0,wk inc rsv hosp,2026-02-21,36,quantile,0.4,570.3806956403847
2026-02-21,0,wk inc rsv hosp,2026-02-21,36,quantile,0.45,572.4589813184762
2026-02-21,0,wk inc rsv hosp,2026-02-21,36,quantile,0.5,584.1251493333333
2026-02-21,0,wk inc rsv hosp,2026-02-21,36,quantile,0.55,595.4470486815237
2026-02-21,0,wk inc rsv hosp,2026-02-21,36,quantile,0.6,597.5253343596152
2026-02-21,0,wk inc rsv hosp,2026-02-21,36,quantile,0.65,637.2312214989206
2026-02-21,0,wk inc rsv hosp,2026-02-21,36,quantile,0.7,678.6642765230476
2026-02-21,0,wk inc rsv hosp,2026-02-21,36,quantile,0.75,684.9746083333332
2026-02-21,0,wk inc rsv hosp,2026-02-21,36,quantile,0.8,684.9746083333332
2026-02-21,0,wk inc rsv hosp,2026-02-21,36,quantile,0.85,684.9746083333332
2026-02-21,0,wk inc rsv hosp,2026-02-21,36,quantile,0.9,684.9746083333332
2026-02-21,0,wk inc rsv hosp,2026-02-21,36,quantile,0.95,684.9746083333332
2026-02-21,0,wk inc rsv hosp,2026-02-21,36,quantile,0.975,684.9746083333332
2026-02-21,0,wk inc rsv hosp,2026-02-21,36,quantile,0.99,684.9746083333332
2026-02-21,0,wk inc rsv hosp,2026-02-21,41,quantile,0.01,75.52212366666666
2026-02-21,0,wk inc rsv hosp,2026-02-21,41,quantile,0.025,75.52212366666666
2026-02-21,0,wk inc rsv hosp,2026-02-21,41,quantile,0.05,75.52212366666666
2026-02-21,0,wk inc rsv hosp,2026-02-21,41,quantile,0.1,75.57124604964443
2026-02-21,0,wk inc rsv hosp,2026-02-21,41,quantile,0.15,88.56539923573328
2026-02-21,0,wk inc rsv hosp,2026-02-21,41,quantile,0.2,92.34303938902856
2026-02-21,0,wk inc rsv hosp,2026-02-21,41,quantile,0.25,93.081646027553
2026-02-21,0,wk inc rsv hosp,2026-02-21,41,quantile,0.3,93.32720361642892
2026-02-21,0,wk inc rsv hosp,2026-02-21,41,quantile,0.35,94.12497750591426
2026-02-21,0,wk inc rsv hosp,2026-02-21,41,quantile,0.4,95.96659652445764
2026-02-21,0,wk inc rsv hosp,2026-02-21,41,quantile,0.45,96.32944356696936
2026-02-21,0,wk inc rsv hosp,2026-02-21,41,quantile,0.5,98.52027468333333
2026-02-21,0,wk inc rsv hosp,2026-02-21,41,quantile,0.55,99.26416309969726
2026-02-21,0,wk inc rsv hosp,2026-02-21,41,quantile,0.6,99.627010142209
2026-02-21,0,wk inc rsv hosp,2026-02-21,41,quantile,0.65,101.46862916075236
2026-02-21,0,wk inc rsv hosp,2026-02-21,41,quantile,0.7,102.2664030502377
2026-02-21,0,wk inc rsv hosp,2026-02-21,41,quantile,0.75,102.51196063911364
2026-02-21,0,wk inc rsv hosp,2026-02-21,41,quantile,0.8,103.25056727763808
2026-02-21,0,wk inc rsv hosp,2026-02-21,41,quantile,0.85,107.02820743093336
2026-02-21,0,wk inc rsv hosp,2026-02-21,41,quantile,0.9,120.0223606170222
2026-02-21,0,wk inc rsv hosp,2026-02-21,41,quantile,0.95,120.07148299999996
2026-02-21,0,wk inc rsv hosp,2026-02-21,41,quantile,0.975,120.07148299999996
2026-02-21,0,wk inc rsv hosp,2026-02-21,41,quantile,0.99,120.07148299999996
2026-02-21,0,wk inc rsv hosp,2026-02-21,47,quantile,0.01,92.60258366666667
2026-02-21,0,wk inc rsv hosp,2026-02-21,47,quantile,0.025,92.60258366666667
2026-02-21,0,wk inc rsv hosp,2026-02-21,47,quantile,0.05,92.60562038033017
2026-02-21,0,wk inc rsv hosp,2026-02-21,47,quantile,0.1,92.68013666176508
2026-02-21,0,wk inc rsv hosp,2026-02-21,47,quantile,0.15,92.69555382344129
2026-02-21,0,wk inc rsv hosp,2026-02-21,47,quantile,0.2,125.03042847386666
2026-02-21,0,wk inc rsv hosp,2026-02-21,47,quantile,0.25,126.040611172
2026-02-21,0,wk inc rsv hosp,2026-02-21,47,quantile,0.3,128.2817985418162
2026-02-21,0,wk inc rsv hosp,2026-02-21,47,quantile,0.35,128.5586165628772
2026-02-21,0,wk inc rsv hosp,2026-02-21,47,quantile,0.4,129.16624479993828
2026-02-21,0,wk inc rsv hosp,2026-02-21,47,quantile,0.45,131.53942443314287
2026-02-21,0,wk inc rsv hosp,2026-02-21,47,quantile,0.5,131.78987514166667
2026-02-21,0,wk inc rsv hosp,2026-02-21,47,quantile,0.55,132.02935390019047
2026-02-21,0,wk inc rsv hosp,2026-02-21,47,quantile,0.6,134.40253353339506
2026-02-21,0,wk inc rsv hosp,2026-02-21,47,quantile,0.65,135.01016177045614
2026-02-21,0,wk inc rsv hosp,2026-02-21,47,quantile,0.7,135.28697979151715
2026-02-21,0,wk inc rsv hosp,2026-02-21,47,quantile,0.75,137.52816716133333
2026-02-21,0,wk inc rsv hosp,2026-02-21,47,quantile,0.8,138.53834985946668
2026-02-21,0,wk inc rsv hosp,2026-02-21,47,quantile,0.85,170.87322450989203
2026-02-21,0,wk inc rsv hosp,2026-02-21,47,quantile,0.9,170.88864167156825
2026-02-21,0,wk inc rsv hosp,2026-02-21,47,quantile,0.95,170.9631579530032
2026-02-21,0,wk inc rsv hosp,2026-02-21,47,quantile,0.975,170.96619466666667
2026-02-21,0,wk inc rsv hosp,2026-02-21,47,quantile,0.99,170.96619466666667
2026-02-21,0,wk inc rsv hosp,2026-02-21,49,quantile,0.01,28.877238233333333
2026-02-21,0,wk inc rsv hosp,2026-02-21,49,quantile,0.025,28.877238233333333
2026-02-21,0,wk inc rsv hosp,2026-02-21,49,quantile,0.05,30.5474693362286
2026-02-21,0,wk inc rsv hosp,2026-02-21,49,quantile,0.1,35.844933008573975
2026-02-21,0,wk inc rsv hosp,2026-02-21,49,quantile,0.15,38.965695174098805
2026-02-21,0,wk inc rsv hosp,2026-02-21,49,quantile,0.2,40.08467522432889
2026-02-21,0,wk inc rsv hosp,2026-02-21,49,quantile,0.25,40.72340783784445
2026-02-21,0,wk inc rsv hosp,2026-02-21,49,quantile,0.3,41.061237765503485
2026-02-21,0,wk inc rsv hosp,2026-02-21,49,quantile,0.35,45.8019908269963
2026-02-21,0,wk inc rsv hosp,2026-02-21,49,quantile,0.4,46.47127105811301
2026-02-21,0,wk inc rsv hosp,2026-02-21,49,quantile,0.45,47.96335386900195
2026-02-21,0,wk inc rsv hosp,2026-02-21,49,quantile,0.5,49.422338
2026-02-21,0,wk inc rsv hosp,2026-02-21,49,quantile,0.55,50.62960213099805
2026-02-21,0,wk inc rsv hosp,2026-02-21,49,quantile,0.6,52.12168494188699
2026-02-21,0,wk inc rsv hosp,2026-02-21,49,quantile,0.65,52.7909651730037
2026-02-21,0,wk inc rsv hosp,2026-02-21,49,quantile,0.7,57.53171823449651
2026-02-21,0,wk inc rsv hosp,2026-02-21,49,quantile,0.75,57.86954816215555
2026-02-21,0,wk inc rsv hosp,2026-02-21,49,quantile,0.8,58.50828077567111
2026-02-21,0,wk inc rsv hosp,2026-02-21,49,quantile,0.85,59.6272608259012
2026-02-21,0,wk inc rsv hosp,2026-02-21,49,quantile,0.9,62.748022991426026
2026-02-21,0,wk inc rsv hosp,2026-02-21,49,quantile,0.95,68.0454866637714
2026-02-21,0,wk inc rsv hosp,2026-02-21,49,quantile,0.975,69.71571776666667
2026-02-21,0,wk inc rsv hosp,2026-02-21,49,quantile,0.99,69.71571776666667
2026-02-21,0,wk inc rsv hosp,2026-02-21,US,quantile,0.01,5501.262533333333
2026-02-21,0,wk inc rsv hosp,2026-02-21,US,quantile,0.025,5501.262533333333
2026-02-21,0,wk inc rsv hosp,2026-02-21,US,quantile,0.05,5501.262533333333
2026-02-21,0,wk inc rsv hosp,2026-02-21,US,quantile,0.1,5501.262533333333
2026-02-21,0,wk inc rsv hosp,2026-02-21,US,quantile,0.15,5501.262533333333
2026-02-21,0,wk inc rsv hosp,2026-02-21,US,quantile,0.2,5501.262533333333
2026-02-21,0,wk inc rsv hosp,2026-02-21,US,quantile,0.25,5748.21002647619
2026-02-21,0,wk inc rsv hosp,2026-02-21,US,quantile,0.3,6025.978812599441
2026-02-21,0,wk inc rsv hosp,2026-02-21,US,quantile,0.35,6034.101646124698
2026-02-21,0,wk inc rsv hosp,2026-02-21,US,quantile,0.4,6252.10630015727
2026-02-21,0,wk inc rsv hosp,2026-02-21,US,quantile,0.45,6273.786770027937
2026-02-21,0,wk inc rsv hosp,2026-02-21,US,quantile,0.5,6457.153133333333
2026-02-21,0,wk inc rsv hosp,2026-02-21,US,quantile,0.55,6612.73629663873
2026-02-21,0,wk inc rsv hosp,2026-02-21,US,quantile,0.6,6634.416766509396
2026-02-21,0,wk inc rsv hosp,2026-02-21,US,quantile,0.65,6852.4214205419685
2026-02-21,0,wk inc rsv hosp,2026-02-21,US,quantile,0.7,6860.544254067226
2026-02-21,0,wk inc rsv hosp,2026-02-21,US,quantile,0.75,7138.313040190476
2026-02-21,0,wk inc rsv hosp,2026-02-21,US,quantile,0.8,7385.260533333334
2026-02-21,0,wk inc rsv hosp,2026-02-21,US,quantile,0.85,7385.260533333334
2026-02-21,0,wk inc rsv hosp,2026-02-21,US,quantile,0.9,7385.260533333334
2026-02-21,0,wk inc rsv hosp,2026-02-21,US,quantile,0.95,7385.260533333334
2026-02-21,0,wk inc rsv hosp,2026-02-21,US,quantile,0.975,7385.260533333334
2026-02-21,0,wk inc rsv hosp,2026-02-21,US,quantile,0.99,7385.260533333334
2026-02-21,1,wk inc rsv hosp,2026-02-28,06,quantile,0.01,301.908635
2026-02-21,1,wk inc rsv hosp,2026-02-28,06,quantile,0.025,301.908635
2026-02-21,1,wk inc rsv hosp,2026-02-28,06,quantile,0.05,301.908635
2026-02-21,1,wk inc rsv hosp,2026-02-28,06,quantile,0.1,301.908635
2026-02-21,1,wk inc rsv hosp,2026-02-28,06,quantile,0.15,304.1051479432381
2026-02-21,1,wk inc rsv hosp,2026-02-28,06,quantile,0.2,306.1186181412064
2026-02-21,1,wk inc rsv hosp,2026-02-28,06,quantile,0.25,392.48947626317454
2026-02-21,1,wk inc rsv hosp,2026-02-28,06,quantile,0.3,397.1518895111492
2026-02-21,1,wk inc rsv hosp,2026-02-28,06,quantile,0.35,398.8068334152445
2026-02-21,1,wk inc rsv hosp,2026-02-28,06,quantile,0.4,406.6781394655111
2026-02-21,1,wk inc rsv hosp,2026-02-28,06,quantile,0.45,425.3998518248286
2026-02-21,1,wk inc rsv hosp,2026-02-28,06,quantile,0.5,431.7996151666666
2026-02-21,1,wk inc rsv hosp,2026-02-28,06,quantile,0.55,437.02697484183807
2026-02-21,1,wk inc rsv hosp,2026-02-28,06,quantile,0.6,455.7486872011555
2026-02-21,1,wk inc rsv hosp,2026-02-28,06,quantile,0.65,463.61999325142216
2026-02-21,1,wk inc rsv hosp,2026-02-28,06,quantile,0.7,465.2749371555175
2026-02-21,1,wk inc rsv hosp,2026-02-28,06,quantile,0.75,469.93735040349213
2026-02-21,1,wk inc rsv hosp,2026-02-28,06,quantile,0.8,556.3082085254603
2026-02-21,1,wk inc rsv hosp,2026-02-28,06,quantile,0.85,558.3216787234286
2026-02-21,1,wk inc rsv hosp,2026-02-28,06,quantile,0.9,560.5181916666667
2026-02-21,1,wk inc rsv hosp,2026-02-28,06,quantile,0.95,560.5181916666667
2026-02-21,1,wk inc rsv hosp,2026-02-28,06,quantile,0.975,560.5181916666667
2026-02-21,1,wk inc rsv hosp,2026-02-28,06,quantile,0.99,560.5181916666667
2026-02-21,1,wk inc rsv hosp,2026-02-28,08,quantile,0.01,160.73319700000002
2026-02-21,1,wk inc rsv hosp,2026-02-28,08,quantile,0.025,160.73319700000002
2026-02-21,1,wk inc rsv hosp,2026-02-28,08,quantile,0.05,160.73319700000002
2026-02-21,1,wk inc rsv hosp,2026-02-28,08,quantile,0.1,194.7877914499555
2026-02-21,1,wk inc rsv hosp,2026-02-28,08,quantile,0.15,201.22376359721332
2026-02-21,1,wk inc rsv hosp,2026-02-28,08,quantile,0.2,201.5061003959746
2026-02-21,1,wk inc rsv hosp,2026-02-28,08,quantile,0.25,204.7321459676927
2026-02-21,1,wk inc rsv hosp,2026-02-28,08,quantile,0.3,206.6341612165333
2026-02-21,1,wk inc rsv hosp,2026-02-28,08,quantile,0.35,207.91555646916063
2026-02-21,1,wk inc rsv hosp,2026-02-28,08,quantile,0.4,208.00040267026003
2026-02-21,1,wk inc rsv hosp,2026-02-28,08,quantile,0.45,214.1291418856937
2026-02-21,1,wk inc rsv hosp,2026-02-28,08,quantile,0.5,214.53720494
2026-02-21,1,wk inc rsv hosp,2026-02-28,08,quantile,0.55,214.5443281143063
2026-02-21,1,wk inc rsv hosp,2026-02-28,08,quantile,0.6,220.67306732974
2026-02-21,1,wk inc rsv hosp,2026-02-28,08,quantile,0.65,220.75791353083935
2026-02-21,1,wk inc rsv hosp,2026-02-28,08,quantile,0.7,222.0393087834667
2026-02-21,1,wk inc rsv hosp,2026-02-28,08,quantile,0.75,223.9413240323073
2026-02-21,1,wk inc rsv hosp,2026-02-28,08,quantile,0.8,227.1673696040254
2026-02-21,1,wk inc rsv hosp,2026-02-28,08,quantile,0.85,227.4497064027867
2026-02-21,1,wk inc rsv hosp,2026-02-28,08,quantile,0.9,233.88567855004447
2026-02-21,1,wk inc rsv hosp,2026-02-28,08,quantile,0.95,267.940273
2026-02-21,1,wk inc rsv hosp,2026-02-28,08,quantile,0.975,267.940273
2026-02-21,1,wk inc rsv hosp,2026-02-28,08,quantile,0.99,267.940273
2026-02-21,1,wk inc rsv hosp,2026-02-28,09,quantile,0.01,81.12201149999999
2026-02-21,1,wk inc rsv hosp,2026-02-28,09,quantile,0.025,81.12201149999999
2026-02-21,1,wk inc rsv hosp,2026-02-28,09,quantile,0.05,81.12201149999999
2026-02-21,1,wk inc rsv hosp,2026-02-28,09,quantile,0.1,90.52227709085712
2026-02-21,1,wk inc rsv hosp,2026-02-28,09,quantile,0.15,108.4844150623492
2026-02-21,1,wk inc rsv hosp,2026-02-28,09,quantile,0.2,112.0297527761876
2026-02-21,1,wk inc rsv hosp,2026-02-28,09,quantile,0.25,112.04052649445713
2026-02-21,1,wk inc rsv hosp,2026-02-28,09,quantile,0.3,112.4865584463492
2026-02-21,1,wk inc rsv hosp,2026-02-28,09,quantile,0.35,112.9835580396933
2026-02-21,1,wk inc rsv hosp,2026-02-28,09,quantile,0.4,113.65031856121284
2026-02-21,1,wk inc rsv hosp,2026-02-28,09,quantile,0.45,113.9778427672446
2026-02-21,1,wk inc rsv hosp,2026-02-28,09,quantile,0.5,115.62962451666664
2026-02-21,1,wk inc rsv hosp,2026-02-28,09,quantile,0.55,117.1848055660887
2026-02-21,1,wk inc rsv hosp,2026-02-28,09,quantile,0.6,117.51232977212044
2026-02-21,1,wk inc rsv hosp,2026-02-28,09,quantile,0.65,118.17909029364
2026-02-21,1,wk inc rsv hosp,2026-02-28,09,quantile,0.7,118.6760898869841
2026-02-21,1,wk inc rsv hosp,2026-02-28,09,quantile,0.75,119.12212183887618
2026-02-21,1,wk inc rsv hosp,2026-02-28,09,quantile,0.8,119.1328955571457
2026-02-21,1,wk inc rsv hosp,2026-02-28,09,quantile,0.85,122.6782332709841
2026-02-21,1,wk inc rsv hosp,2026-02-28,09,quantile,0.9,140.64037124247616
2026-02-21,1,wk inc rsv hosp,2026-02-28,09,quantile,0.95,150.0406368333333
2026-02-21,1,wk inc rsv hosp,2026-02-28,09,quantile,0.975,150.0406368333333
2026-02-21,1,wk inc rsv hosp,2026-02-28,09,quantile,0.99,150.0406368333333
2026-02-21,1,wk inc rsv hosp,2026-02-28,13,quantile,0.01,119.7087266666667
2026-02-21,1,wk inc rsv hosp,2026-02-28,13,quantile,0.025,119.7087266666667
2026-02-21,1,wk inc rsv hosp,2026-02-28,13,quantile,0.05,119.7087266666667
2026-02-21,1,wk inc rsv hosp,2026-02-28,13,quantile,0.1,119.7087266666667
2026-02-21,1,wk inc rsv hosp,2026-02-28,13,quantile,0.15,125.52857585828566
2026-02-21,1,wk inc rsv hosp,2026-02-28,13,quantile,0.2,176.60864165333334
2026-02-21,1,wk inc rsv hosp,2026-02-28,13,quantile,0.25,199.55306823415873
2026-02-21,1,wk inc rsv hosp,2026-02-28,13,quantile,0.3,217.9826840752953
2026-02-21,1,wk inc rsv hosp,2026-02-28,13,quantile,0.35,219.83360723314297
2026-02-21,1,wk inc rsv hosp,2026-02-28,13,quantile,0.4,225.56352038750475
2026-02-21,1,wk inc rsv hosp,2026-02-28,13,quantile,0.45,228.3169486746668
2026-02-21,1,wk inc rsv hosp,2026-02-28,13,quantile,0.5,233.29777833333335
2026-02-21,1,wk inc rsv hosp,2026-02-28,13,quantile,0.55,237.7814479919999
2026-02-21,1,wk inc rsv hosp,2026-02-28,13,quantile,0.6,240.53487627916195
2026-02-21,1,wk inc rsv hosp,2026-02-28,13,quantile,0.65,246.26478943352373
2026-02-21,1,wk inc rsv hosp,2026-02-28,13,quantile,0.7,248.1157125913714
2026-02-21,1,wk inc rsv hosp,2026-02-28,13,quantile,0.75,266.545328432508
2026-02-21,1,wk inc rsv hosp,2026-02-28,13,quantile,0.8,289.48975501333337
2026-02-21,1,wk inc rsv hosp,2026-02-28,13,quantile,0.85,340.56982080838105
2026-02-21,1,wk inc rsv hosp,2026-02-28,13,quantile,0.9,346.38967
2026-02-21,1,wk inc rsv hosp,2026-02-28,13,quantile,0.95,346.38967
2026-02-21,1,wk inc rsv hosp,2026-02-28,13,quantile,0.975,346.38967
2026-02-21,1,wk inc rsv hosp,2026-02-28,13,quantile,0.99,346.38967
2026-02-21,1,wk inc rsv hosp,2026-02-28,24,quantile,0.01,52.46745683333336
2026-02-21,1,wk inc rsv hosp,2026-02-28,24,quantile,0.025,52.46745683333336
2026-02-21,1,wk inc rsv hosp,2026-02-28,24,quantile,0.05,52.46745683333336
2026-02-21,1,wk inc rsv hosp,2026-02-28,24,quantile,0.1,53.31689730449525
2026-02-21,1,wk inc rsv hosp,2026-02-28,24,quantile,0.15,54.934101278438106
2026-02-21,1,wk inc rsv hosp,2026-02-28,24,quantile,0.2,74.54565997587302
2026-02-21,1,wk inc rsv hosp,2026-02-28,24,quantile,0.25,99.86750817955556
2026-02-21,1,wk inc rsv hosp,2026-02-28,24,quantile,0.3,100.20178882726223
2026-02-21,1,wk inc rsv hosp,2026-02-28,24,quantile,0.35,102.5145020935352
2026-02-21,1,wk inc rsv hosp,2026-02-28,24,quantile,0.4,105.6043293827466
2026-02-21,1,wk inc rsv hosp,2026-02-28,24,quantile,0.45,107.44092771437909
2026-02-21,1,wk inc rsv hosp,2026-02-28,24,quantile,0.5,109.98232078333336
2026-02-21,1,wk inc rsv hosp,2026-02-28,24,quantile,0.55,110.74885761895428
2026-02-21,1,wk inc rsv hosp,2026-02-28,24,quantile,0.6,112.58545595058676
2026-02-21,1,wk inc rsv hosp,2026-02-28,24,quantile,0.65,115.67528323979818
2026-02-21,1,wk inc rsv hosp,2026-02-28,24,quantile,0.7,117.98799650607113
2026-02-21,1,wk inc rsv hosp,2026-02-28,24,quantile,0.75,118.3222771537778
2026-02-21,1,wk inc rsv hosp,2026-02-28,24,quantile,0.8,143.64412535746033
2026-02-21,1,wk inc rsv hosp,2026-02-28,24,quantile,0.85,163.25568405489526
2026-02-21,1,wk inc rsv hosp,2026-02-28,24,quantile,0.9,164.8728880288381
2026-02-21,1,wk inc rsv hosp,2026-02-28,24,quantile,0.95,165.7223285
2026-02-21,1,wk inc rsv hosp,2026-02-28,24,quantile,0.975,165.7223285
2026-02-21,1,wk inc rsv hosp,2026-02-28,24,quantile,0.99,165.7223285
2026-02-21,1,wk inc rsv hosp,2026-02-28,26,quantile,0.01,89.94285083333334
2026-02-21,1,wk inc rsv hosp,2026-02-28,26,quantile,0.025,89.94285083333334
2026-02-21,1,wk inc rsv hosp,2026-02-28,26,quantile,0.05,89.94285083333334
2026-02-21,1,wk inc rsv hosp,2026-02-28,26,quantile,0.1,92.78200560679366
2026-02-21,1,wk inc rsv hosp,2026-02-28,26,quantile,0.15,94.32807998838088
2026-02-21,1,wk inc rsv hosp,2026-02-28,26,quantile,0.2,109.96963094368252
2026-02-21,1,wk inc rsv hosp,2026-02-28,26,quantile,0.25,118.9231512711238
2026-02-21,1,wk inc rsv hosp,2026-02-28,26,quantile,0.3,124.070101907581
2026-02-21,1,wk inc rsv hosp,2026-02-28,26,quantile,0.35,125.46913126292446
2026-02-21,1,wk inc rsv hosp,2026-02-28,26,quantile,0.4,126.65386915945396
2026-02-21,1,wk inc rsv hosp,2026-02-28,26,quantile,0.45,127.6662260167238
2026-02-21,1,wk inc rsv hosp,2026-02-28,26,quantile,0.5,132.45196261333334
2026-02-21,1,wk inc rsv hosp,2026-02-28,26,quantile,0.55,132.67011231660953
2026-02-21,1,wk inc rsv hosp,2026-02-28,26,quantile,0.6,133.68246917387938
2026-02-21,1,wk inc rsv hosp,2026-02-28,26,quantile,0.65,134.86720707040888
2026-02-21,1,wk inc rsv hosp,2026-02-28,26,quantile,0.7,136.26623642575237
2026-02-21,1,wk inc rsv hosp,2026-02-28,26,quantile,0.75,141.41318706220954
2026-02-21,1,wk inc rsv hosp,2026-02-28,26,quantile,0.8,150.3667073896508
2026-02-21,1,wk inc rsv hosp,2026-02-28,26,quantile,0.85,166.00825834495245
2026-02-21,1,wk inc rsv hosp,2026-02-28,26,quantile,0.9,167.55433272653968
2026-02-21,1,wk inc rsv hosp,2026-02-28,26,quantile,0.95,170.3934875
2026-02-21,1,wk inc rsv hosp,2026-02-28,26,quantile,0.975,170.3934875
2026-02-21,1,wk inc rsv hosp,2026-02-28,26,quantile,0.99,170.3934875
2026-02-21,1,wk inc rsv hosp,2026-02-28,27,quantile,0.01,155.0354926666667
2026-02-21,1,wk inc rsv hosp,2026-02-28,27,quantile,0.025,155.0354926666667
2026-02-21,1,wk inc rsv hosp,2026-02-28,27,quantile,0.05,155.0354926666667
2026-02-21,1,wk inc rsv hosp,2026-02-28,27,quantile,0.1,155.0354926666667
2026-02-21,1,wk inc rsv hosp,2026-02-28,27,quantile,0.15,166.38308828071115
2026-02-21,1,wk inc rsv hosp,2026-02-28,27,quantile,0.2,172.3342832638121
2026-02-21,1,wk inc rsv hosp,2026-02-28,27,quantile,0.25,176.75659523516669
2026-02-21,1,wk inc rsv hosp,2026-02-28,27,quantile,0.3,177.33312596633652
2026-02-21,1,wk inc rsv hosp,2026-02-28,27,quantile,0.35,179.4479097431924
2026-02-21,1,wk inc rsv hosp,2026-02-28,27,quantile,0.4,180.6932159039905
2026-02-21,1,wk inc rsv hosp,2026-02-28,27,quantile,0.45,181.42232786116193
2026-02-21,1,wk inc rsv hosp,2026-02-28,27,quantile,0.5,182.3958558666667
2026-02-21,1,wk inc rsv hosp,2026-02-28,27,quantile,0.55,182.83323547217145
2026-02-21,1,wk inc rsv hosp,2026-02-28,27,quantile,0.6,183.56234742934285
2026-02-21,1,wk inc rsv hosp,2026-02-28,27,quantile,0.65,184.80765359014097
2026-02-21,1,wk inc rsv hosp,2026-02-28,27,quantile,0.7,186.9224373669969
2026-02-21,1,wk inc rsv hosp,2026-02-28,27,quantile,0.75,187.4989680981667
2026-02-21,1,wk inc rsv hosp,2026-02-28,27,quantile,0.8,191.9212800695213
2026-02-21,1,wk inc rsv hosp,2026-02-28,27,quantile,0.85,197.87247505262224
2026-02-21,1,wk inc rsv hosp,2026-02-28,27,quantile,0.9,209.2200706666667
2026-02-21,1,wk inc rsv hosp,2026-02-28,27,quantile,0.95,209.2200706666667
2026-02-21,1,wk inc rsv hosp,2026-02-28,27,quantile,0.975,209.2200706666667
2026-02-21,1,wk inc rsv hosp,2026-02-28,27,quantile,0.99,209.2200706666667
2026-02-21,1,wk inc rsv hosp,2026-02-28,35,quantile,0.01,119.52279763333328
2026-02-21,1,wk inc rsv hosp,2026-02-28,35,quantile,0.025,119.52279763333328
2026-02-21,1,wk inc rsv hosp,2026-02-28,35,quantile,0.05,120.2736862801368
2026-02-21,1,wk inc rsv hosp,2026-02-28,35,quantile,0.1,120.73740395404442
2026-02-21,1,wk inc rsv hosp,2026-02-28,35,quantile,0.15,121.1284193416914
2026-02-21,1,wk inc rsv hosp,2026-02-28,35,quantile,0.2,122.23716012618284
2026-02-21,1,wk inc rsv hosp,2026-02-28,35,quantile,0.25,122.71288093088188
2026-02-21,1,wk inc rsv hosp,2026-02-28,35,quantile,0.3,123.4095868493968
2026-02-21,1,wk inc rsv hosp,2026-02-28,35,quantile,0.35,125.15310611370664
2026-02-21,1,wk inc rsv hosp,2026-02-28,35,quantile,0.4,126.24141762037152
2026-02-21,1,wk inc rsv hosp,2026-02-28,35,quantile,0.45,126.66505442097012
2026-02-21,1,wk inc rsv hosp,2026-02-28,35,quantile,0.5,132.44433692166663
2026-02-21,1,wk inc rsv hosp,2026-02-28,35,quantile,0.55,132.82845724569648
2026-02-21,1,wk inc rsv hosp,2026-02-28,35,quantile,0.6,133.2520940462951
2026-02-21,1,wk inc rsv hosp,2026-02-28,35,quantile,0.65,134.34040555296
2026-02-21,1,wk inc rsv hosp,2026-02-28,35,quantile,0.7,136.08392481726983
2026-02-21,1,wk inc rsv hosp,2026-02-28,35,quantile,0.75,136.78063073578474
2026-02-21,1,wk inc rsv hosp,2026-02-28,35,quantile,0.8,137.25635154048376
2026-02-21,1,wk inc rsv hosp,2026-02-28,35,quantile,0.85,138.36509232497522
2026-02-21,1,wk inc rsv hosp,2026-02-28,35,quantile,0.9,138.7561077126222
2026-02-21,1,wk inc rsv hosp,2026-02-28,35,quantile,0.95,139.2198253865298
2026-02-21,1,wk inc rsv hosp,2026-02-28,35,quantile,0.975,139.97071403333334
2026-02-21,1,wk inc rsv hosp,2026-02-28,35,quantile,0.99,139.97071403333334
2026-02-21,1,wk inc rsv hosp,2026-02-28,36,quantile,0.01,418.5448016666667
2026-02-21,1,wk inc rsv hosp,2026-02-28,36,quantile,0.025,418.5448016666667
2026-02-21,1,wk inc rsv hosp,2026-02-28,36,quantile,0.05,418.5448016666667
2026-02-21,1,wk inc rsv hosp,2026-02-28,36,quantile,0.1,419.2817395993651
2026-02-21,1,wk inc rsv hosp,2026-02-28,36,quantile,0.15,420.95068727047624
2026-02-21,1,wk inc rsv hosp,2026-02-28,36,quantile,0.2,434.5662410857143
2026-02-21,1,wk inc rsv hosp,2026-02-28,36,quantile,0.25,452.91409097460314
2026-02-21,1,wk inc rsv hosp,2026-02-28,36,quantile,0.3,498.98601874742866
2026-02-21,1,wk inc rsv hosp,2026-02-28,36,quantile,0.35,503.2137001952762
2026-02-21,1,wk inc rsv hosp,2026-02-28,36,quantile,0.4,517.1010111771429
2026-02-21,1,wk inc rsv hosp,2026-02-28,36,quantile,0.45,520.0848633977905
2026-02-21,1,wk inc rsv hosp,2026-02-28,36,quantile,0.5,532.1534581666667
2026-02-21,1,wk inc rsv hosp,2026-02-28,36,quantile,0.55,535.5608066022096
2026-02-21,1,wk inc rsv hosp,2026-02-28,36,quantile,0.6,538.5446588228572
2026-02-21,1,wk inc rsv hosp,2026-02-28,36,quantile,0.65,552.4319698047238
2026-02-21,1,wk inc rsv hosp,2026-02-28,36,quantile,0.7,556.6596512525714
2026-02-21,1,wk inc rsv hosp,2026-02-28,36,quantile,0.75,602.731579025397
2026-02-21,1,wk inc rsv hosp,2026-02-28,36,quantile,0.8,621.0794289142858
2026-02-21,1,wk inc rsv hosp,2026-02-28,36,quantile,0.85,634.6949827295239
2026-02-21,1,wk inc rsv hosp,2026-02-28,36,quantile,0.9,636.363930400635
2026-02-21,1,wk inc rsv hosp,2026-02-28,36,quantile,0.95,637.1008683333334
2026-02-21,1,wk inc rsv hosp,2026-02-28,36,quantile,0.975,637.1008683333334
2026-02-21,1,wk inc rsv hosp,2026-02-28,36,quantile,0.99,637.1008683333334
2026-02-21,1,wk inc rsv hosp,2026-02-28,41,quantile,0.01,82.51259116666664
2026-02-21,1,wk inc rsv hosp,2026-02-28,41,quantile,0.025,82.51259116666664
2026-02-21,1,wk inc rsv hosp,2026-02-28,41,quantile,0.05,82.51259116666664
2026-02-21,1,wk inc rsv hosp,2026-02-28,41,quantile,0.1,86.1650302817904
2026-02-21,1,wk inc rsv hosp,2026-02-28,41,quantile,0.15,87.71029298434283
2026-02-21,1,wk inc rsv hosp,2026-02-28,41,quantile,0.2,110.58753702500567
2026-02-21,1,wk inc rsv hosp,2026-02-28,41,quantile,0.25,111.0263055105022
2026-02-21,1,wk inc rsv hosp,2026-02-28,41,quantile,0.3,111.29489708161644
2026-02-21,1,wk inc rsv hosp,2026-02-28,41,quantile,0.35,112.13195979237794
2026-02-21,1,wk inc rsv hosp,2026-02-28,41,quantile,0.4,113.00948599118726
2026-02-21,1,wk inc rsv hosp,2026-02-28,41,quantile,0.45,113.16723243418409
2026-02-21,1,wk inc rsv hosp,2026-02-28,41,quantile,0.5,114.01457766666664
2026-02-21,1,wk inc rsv hosp,2026-02-28,41,quantile,0.55,114.0959728991492
2026-02-21,1,wk inc rsv hosp,2026-02-28,41,quantile,0.6,114.253719342146
2026-02-21,1,wk inc rsv hosp,2026-02-28,41,quantile,0.65,115.13124554095532
2026-02-21,1,wk inc rsv hosp,2026-02-28,41,quantile,0.7,115.96830825171682
2026-02-21,1,wk inc rsv hosp,2026-02-28,41,quantile,0.75,116.23689982283108
2026-02-21,1,wk inc rsv hosp,2026-02-28,41,quantile,0.8,116.6756683083276
2026-02-21,1,wk inc rsv hosp,2026-02-28,41,quantile,0.85,139.55291234899045
2026-02-21,1,wk inc rsv hosp,2026-02-28,41,quantile,0.9,141.09817505154288
2026-02-21,1,wk inc rsv hosp,2026-02-28,41,quantile,0.95,144.75061416666665
2026-02-21,1,wk inc rsv hosp,2026-02-28,41,quantile,0.975,144.75061416666665
2026-02-21,1,wk inc rsv hosp,2026-02-28,41,quantile,0.99,144.75061416666665
2026-02-21,1,wk inc rsv hosp,2026-02-28,47,quantile,0.01,40.30043633333338
2026-02-21,1,wk inc rsv hosp,2026-02-28,47,quantile,0.025,40.30043633333338
2026-02-21,1,wk inc rsv hosp,2026-02-28,47,quantile,0.05,40.30043633333338
2026-02-21,1,wk inc rsv hosp,2026-02-28,47,quantile,0.1,41.222421592126835
2026-02-21,1,wk inc rsv hosp,2026-02-28,47,quantile,0.15,45.12312845625381
2026-02-21,1,wk inc rsv hosp,2026-02-28,47,quantile,0.2,90.35263282128255
2026-02-21,1,wk inc rsv hosp,2026-02-28,47,quantile,0.25,96.27377729460316
2026-02-21,1,wk inc rsv hosp,2026-02-28,47,quantile,0.3,98.01621318742856
2026-02-21,1,wk inc rsv hosp,2026-02-28,47,quantile,0.35,125.679143077967
2026-02-21,1,wk inc rsv hosp,2026-02-28,47,quantile,0.4,127.3035183704289
2026-02-21,1,wk inc rsv hosp,2026-02-28,47,quantile,0.45,129.03185587665777
2026-02-21,1,wk inc rsv hosp,2026-02-28,47,quantile,0.5,129.94858116666668
2026-02-21,1,wk inc rsv hosp,2026-02-28,47,quantile,0.55,130.55914012334225
2026-02-21,1,wk inc rsv hosp,2026-02-28,47,quantile,0.6,132.28747762957113
2026-02-21,1,wk inc rsv hosp,2026-02-28,47,quantile,0.65,133.911852922033
2026-02-21,1,wk inc rsv hosp,2026-02-28,47,quantile,0.7,161.57478281257147
2026-02-21,1,wk inc rsv hosp,2026-02-28,47,quantile,0.75,163.31721870539684
2026-02-21,1,wk inc rsv hosp,2026-02-28,47,quantile,0.8,169.23836317871746
2026-02-21,1,wk inc rsv hosp,2026-02-28,47,quantile,0.85,214.4678675437462
2026-02-21,1,wk inc rsv hosp,2026-02-28,47,quantile,0.9,218.3685744078732
2026-02-21,1,wk inc rsv hosp,2026-02-28,47,quantile,0.95,219.29055966666664
2026-02-21,1,wk inc rsv hosp,2026-02-28,47,quantile,0.975,219.29055966666664
2026-02-21,1,wk inc rsv hosp,2026-02-28,47,quantile,0.99,219.29055966666664
2026-02-21,1,wk inc rsv hosp,2026-02-28,49,quantile,0.01,42.948725
2026-02-21,1,wk inc rsv hosp,2026-02-28,49,quantile,0.025,42.948725
2026-02-21,1,wk inc rsv hosp,2026-02-28,49,quantile,0.05,42.948725
2026-02-21,1,wk inc rsv hosp,2026-02-28,49,quantile,0.1,46.380854906170384
2026-02-21,1,wk inc rsv hosp,2026-02-28,49,quantile,0.15,46.998485736524955
2026-02-21,1,wk inc rsv hosp,2026-02-28,49,quantile,0.2,47.137154650351114
2026-02-21,1,wk inc rsv hosp,2026-02-28,49,quantile,0.25,47.45227370125715
2026-02-21,1,wk inc rsv hosp,2026-02-28,49,quantile,0.3,48.438678136771
2026-02-21,1,wk inc rsv hosp,2026-02-28,49,quantile,0.35,49.7571804164635
2026-02-21,1,wk inc rsv hosp,2026-02-28,49,quantile,0.4,50.01803865757458
2026-02-21,1,wk inc rsv hosp,2026-02-28,49,quantile,0.45,51.453517273470496
2026-02-21,1,wk inc rsv hosp,2026-02-28,49,quantile,0.5,55.624803283333335
2026-02-21,1,wk inc rsv hosp,2026-02-28,49,quantile,0.55,58.93554605986285
2026-02-21,1,wk inc rsv hosp,2026-02-28,49,quantile,0.6,60.37102467575876
2026-02-21,1,wk inc rsv hosp,2026-02-28,49,quantile,0.65,60.63188291686984
2026-02-21,1,wk inc rsv hosp,2026-02-28,49,quantile,0.7,61.95038519656234
2026-02-21,1,wk inc rsv hosp,2026-02-28,49,quantile,0.75,62.93678963207619
2026-02-21,1,wk inc rsv hosp,2026-02-28,49,quantile,0.8,63.251908682982226
2026-02-21,1,wk inc rsv hosp,2026-02-28,49,quantile,0.85,63.390577596808384
2026-02-21,1,wk inc rsv hosp,2026-02-28,49,quantile,0.9,64.00820842716296
2026-02-21,1,wk inc rsv hosp,2026-02-28,49,quantile,0.95,67.44033833333334
2026-02-21,1,wk inc rsv hosp,2026-02-28,49,quantile,0.975,67.44033833333334
2026-02-21,1,wk inc rsv hosp,2026-02-28,49,quantile,0.99,67.44033833333334
2026-02-21,1,wk inc rsv hosp,2026-02-28,US,quantile,0.01,4757.110683333332
2026-02-21,1,wk inc rsv hosp,2026-02-28,US,quantile,0.025,4757.110683333332
2026-02-21,1,wk inc rsv hosp,2026-02-28,US,quantile,0.05,4757.110683333332
2026-02-21,1,wk inc rsv hosp,2026-02-28,US,quantile,0.1,4808.732738761904
2026-02-21,1,wk inc rsv hosp,2026-02-28,US,quantile,0.15,4846.588912742855
2026-02-21,1,wk inc rsv hosp,2026-02-28,US,quantile,0.2,4961.734775268255
2026-02-21,1,wk inc rsv hosp,2026-02-28,US,quantile,0.25,5345.79473176889
2026-02-21,1,wk inc rsv hosp,2026-02-28,US,quantile,0.3,5791.213941065397
2026-02-21,1,wk inc rsv hosp,2026-02-28,US,quantile,0.35,6050.675819699556
2026-02-21,1,wk inc rsv hosp,2026-02-28,US,quantile,0.4,6112.258029783746
2026-02-21,1,wk inc rsv hosp,2026-02-28,US,quantile,0.45,6271.478855343493
2026-02-21,1,wk inc rsv hosp,2026-02-28,US,quantile,0.5,6433.155093333334
2026-02-21,1,wk inc rsv hosp,2026-02-28,US,quantile,0.55,6487.691411323175
2026-02-21,1,wk inc rsv hosp,2026-02-28,US,quantile,0.6,6646.912236882922
2026-02-21,1,wk inc rsv hosp,2026-02-28,US,quantile,0.65,6708.494446967112
2026-02-21,1,wk inc rsv hosp,2026-02-28,US,quantile,0.7,6967.956325601271
2026-02-21,1,wk inc rsv hosp,2026-02-28,US,quantile,0.75,7413.3755348977775
2026-02-21,1,wk inc rsv hosp,2026-02-28,US,quantile,0.8,7797.4354913984125
2026-02-21,1,wk inc rsv hosp,2026-02-28,US,quantile,0.85,7912.5813539238125
2026-02-21,1,wk inc rsv hosp,2026-02-28,US,quantile,0.9,7950.437527904764
2026-02-21,1,wk inc rsv hosp,2026-02-28,US,quantile,0.95,8002.059583333336
2026-02-21,1,wk inc rsv hosp,2026-02-28,US,quantile,0.975,8002.059583333336
2026-02-21,1,wk inc rsv hosp,2026-02-28,US,quantile,0.99,8002.059583333336
2026-02-21,2,wk inc rsv hosp,2026-03-07,06,quantile,0.01,245.77572666666663
2026-02-21,2,wk inc rsv hosp,2026-03-07,06,quantile,0.025,245.77572666666663
2026-02-21,2,wk inc rsv hosp,2026-03-07,06,quantile,0.05,245.77572666666663
2026-02-21,2,wk inc rsv hosp,2026-03-07,06,quantile,0.1,245.77572666666663
2026-02-21,2,wk inc rsv hosp,2026-03-07,06,quantile,0.15,247.28493643758728
2026-02-21,2,wk inc rsv hosp,2026-03-07,06,quantile,0.2,266.7008285257142
2026-02-21,2,wk inc rsv hosp,2026-03-07,06,quantile,0.25,308.43426275466635
2026-02-21,2,wk inc rsv hosp,2026-03-07,06,quantile,0.3,316.5896790640002
2026-02-21,2,wk inc rsv hosp,2026-03-07,06,quantile,0.35,365.7047937799352
2026-02-21,2,wk inc rsv hosp,2026-03-07,06,quantile,0.4,369.89809311057775
2026-02-21,2,wk inc rsv hosp,2026-03-07,06,quantile,0.45,376.6209495148863
2026-02-21,2,wk inc rsv hosp,2026-03-07,06,quantile,0.5,390.89802166666664
2026-02-21,2,wk inc rsv hosp,2026-03-07,06,quantile,0.55,395.3021571517803
2026-02-21,2,wk inc rsv hosp,2026-03-07,06,quantile,0.6,402.0250135560889
2026-02-21,2,wk inc rsv hosp,2026-03-07,06,quantile,0.65,406.21831288673144
2026-02-21,2,wk inc rsv hosp,2026-03-07,06,quantile,0.7,455.3334276026664
2026-02-21,2,wk inc rsv hosp,2026-03-07,06,quantile,0.75,463.4888439120003
2026-02-21,2,wk inc rsv hosp,2026-03-07,06,quantile,0.8,505.2222781409524
2026-02-21,2,wk inc rsv hosp,2026-03-07,06,quantile,0.85,524.6381702290794
2026-02-21,2,wk inc rsv hosp,2026-03-07,06,quantile,0.9,526.14738
2026-02-21,2,wk inc rsv hosp,2026-03-07,06,quantile,0.95,526.14738
2026-02-21,2,wk inc rsv hosp,2026-03-07,06,quantile,0.975,526.14738
2026-02-21,2,wk inc rsv hosp,2026-03-07,06,quantile,0.99,526.14738
2026-02-21,2,wk inc rsv hosp,2026-03-07,08,quantile,0.01,152.378185
2026-02-21,2,wk inc rsv hosp,2026-03-07,08,quantile,0.025,152.378185
2026-02-21,2,wk inc rsv hosp,2026-03-07,08,quantile,0.05,152.378185
2026-02-21,2,wk inc rsv hosp,2026-03-07,08,quantile,0.1,152.378185
2026-02-21,2,wk inc rsv hosp,2026-03-07,08,quantile,0.15,152.378185
2026-02-21,2,wk inc rsv hosp,2026-03-07,08,quantile,0.2,211.86129984787047
2026-02-21,2,wk inc rsv hosp,2026-03-07,08,quantile,0.25,214.49480303214605
2026-02-21,2,wk inc rsv hosp,2026-03-07,08,quantile,0.3,215.40136939653863
2026-02-21,2,wk inc rsv hosp,2026-03-07,08,quantile,0.35,216.04895141954705
2026-02-21,2,wk inc rsv hosp,2026-03-07,08,quantile,0.4,221.05731845037465
2026-02-21,2,wk inc rsv hosp,2026-03-07,08,quantile,0.45,221.11024617434288
2026-02-21,2,wk inc rsv hosp,2026-03-07,08,quantile,0.5,228.1972045866667
2026-02-21,2,wk inc rsv hosp,2026-03-07,08,quantile,0.55,228.3474438256571
2026-02-21,2,wk inc rsv hosp,2026-03-07,08,quantile,0.6,228.4003715496254
2026-02-21,2,wk inc rsv hosp,2026-03-07,08,quantile,0.65,233.40873858045296
2026-02-21,2,wk inc rsv hosp,2026-03-07,08,quantile,0.7,234.05632060346136
2026-02-21,2,wk inc rsv hosp,2026-03-07,08,quantile,0.75,234.96288696785396
2026-02-21,2,wk inc rsv hosp,2026-03-07,08,quantile,0.8,237.59639015212952
2026-02-21,2,wk inc rsv hosp,2026-03-07,08,quantile,0.85,297.07950500000004
2026-02-21,2,wk inc rsv hosp,2026-03-07,08,quantile,0.9,297.07950500000004
2026-02-21,2,wk inc rsv hosp,2026-03-07,08,quantile,0.95,297.07950500000004
2026-02-21,2,wk inc rsv hosp,2026-03-07,08,quantile,0.975,297.07950500000004
2026-02-21,2,wk inc rsv hosp,2026-03-07,08,quantile,0.99,297.07950500000004
2026-02-21,2,wk inc rsv hosp,2026-03-07,09,quantile,0.01,78.95825233333333
2026-02-21,2,wk inc rsv hosp,2026-03-07,09,quantile,0.025,78.95825233333333
2026-02-21,2,wk inc rsv hosp,2026-03-07,09,quantile,0.05,79.4249145238857
2026-02-21,2,wk inc rsv hosp,2026-03-07,09,quantile,0.1,96.40423884167626
2026-02-21,2,wk inc rsv hosp,2026-03-07,09,quantile,0.15,109.79810951966913
2026-02-21,2,wk inc rsv hosp,2026-03-07,09,quantile,0.2,114.59233563321524
2026-02-21,2,wk inc rsv hosp,2026-03-07,09,quantile,0.25,115.86985701326032
2026-02-21,2,wk inc rsv hosp,2026-03-07,09,quantile,0.3,116.10276537237333
2026-02-21,2,wk inc rsv hosp,2026-03-07,09,quantile,0.35,118.2167214065981
2026-02-21,2,wk inc rsv hosp,2026-03-07,09,quantile,0.4,118.74421267266096
2026-02-21,2,wk inc rsv hosp,2026-03-07,09,quantile,0.45,119.0688890635614
2026-02-21,2,wk inc rsv hosp,2026-03-07,09,quantile,0.5,120.00552385833332
2026-02-21,2,wk inc rsv hosp,2026-03-07,09,quantile,0.55,120.7857609364386
2026-02-21,2,wk inc rsv hosp,2026-03-07,09,quantile,0.6,121.11043732733904
2026-02-21,2,wk inc rsv hosp,2026-03-07,09,quantile,0.65,121.6379285934019
2026-02-21,2,wk inc rsv hosp,2026-03-07,09,quantile,0.7,123.75188462762668
2026-02-21,2,wk inc rsv hosp,2026-03-07,09,quantile,0.75,123.98479298673968
2026-02-21,2,wk inc rsv hosp,2026-03-07,09,quantile,0.8,125.26231436678476
2026-02-21,2,wk inc rsv hosp,2026-03-07,09,quantile,0.85,130.05654048033085
2026-02-21,2,wk inc rsv hosp,2026-03-07,09,quantile,0.9,143.45041115832373
2026-02-21,2,wk inc rsv hosp,2026-03-07,09,quantile,0.95,160.42973547611427
2026-02-21,2,wk inc rsv hosp,2026-03-07,09,quantile,0.975,160.89639766666664
2026-02-21,2,wk inc rsv hosp,2026-03-07,09,quantile,0.99,160.89639766666664
2026-02-21,2,wk inc rsv hosp,2026-03-07,13,quantile,0.01,129.62166666666664
2026-02-21,2,wk inc rsv hosp,2026-03-07,13,quantile,0.025,129.62166666666664
2026-02-21,2,wk inc rsv hosp,2026-03-07,13,quantile,0.05,129.62166666666664
2026-02-21,2,wk inc rsv hosp,2026-03-07,13,quantile,0.1,129.62166666666664
2026-02-21,2,wk inc rsv hosp,2026-03-07,13,quantile,0.15,135.17236580787304
2026-02-21,2,wk inc rsv hosp,2026-03-07,13,quantile,0.2,136.7039132297778
2026-02-21,2,wk inc rsv hosp,2026-03-07,13,quantile,0.25,204.39025409333337
2026-02-21,2,wk inc rsv hosp,2026-03-07,13,quantile,0.3,215.66207648157453
2026-02-21,2,wk inc rsv hosp,2026-03-07,13,quantile,0.35,232.1952634992381
2026-02-21,2,wk inc rsv hosp,2026-03-07,13,quantile,0.4,246.8300460776826
2026-02-21,2,wk inc rsv hosp,2026-03-07,13,quantile,0.45,249.9943525197505
2026-02-21,2,wk inc rsv hosp,2026-03-07,13,quantile,0.5,256.69346450000006
2026-02-21,2,wk inc rsv hosp,2026-03-07,13,quantile,0.55,259.3867908135828
2026-02-21,2,wk inc rsv hosp,2026-03-07,13,quantile,0.6,262.55109725565075
2026-02-21,2,wk inc rsv hosp,2026-03-07,13,quantile,0.65,277.1858798340952
2026-02-21,2,wk inc rsv hosp,2026-03-07,13,quantile,0.7,293.71906685175884
2026-02-21,2,wk inc rsv hosp,2026-03-07,13,quantile,0.75,304.99088924
2026-02-21,2,wk inc rsv hosp,2026-03-07,13,quantile,0.8,372.67723010355553
2026-02-21,2,wk inc rsv hosp,2026-03-07,13,quantile,0.85,374.2087775254603
2026-02-21,2,wk inc rsv hosp,2026-03-07,13,quantile,0.9,379.7594766666667
2026-02-21,2,wk inc rsv hosp,2026-03-07,13,quantile,0.95,379.7594766666667
2026-02-21,2,wk inc rsv hosp,2026-03-07,13,quantile,0.975,379.7594766666667
2026-02-21,2,wk inc rsv hosp,2026-03-07,13,quantile,0.99,379.7594766666667
2026-02-21,2,wk inc rsv hosp,2026-03-07,24,quantile,0.01,39.58861333333334
2026-02-21,2,wk inc rsv hosp,2026-03-07,24,quantile,0.025,39.58861333333334
2026-02-21,2,wk inc rsv hosp,2026-03-07,24,quantile,0.05,39.58861333333334
2026-02-21,2,wk inc rsv hosp,2026-03-07,24,quantile,0.1,55.23678143561904
2026-02-21,2,wk inc rsv hosp,2026-03-07,24,quantile,0.15,59.37298853104763
2026-02-21,2,wk inc rsv hosp,2026-03-07,24,quantile,0.2,60.042495486438106
2026-02-21,2,wk inc rsv hosp,2026-03-07,24,quantile,0.25,64.76885554901587
2026-02-21,2,wk inc rsv hosp,2026-03-07,24,quantile,0.3,67.51536266666666
2026-02-21,2,wk inc rsv hosp,2026-03-07,24,quantile,0.35,85.49100945264762
2026-02-21,2,wk inc rsv hosp,2026-03-07,24,quantile,0.4,96.47471768668696
2026-02-21,2,wk inc rsv hosp,2026-03-07,24,quantile,0.45,103.740844968256
2026-02-21,2,wk inc rsv hosp,2026-03-07,24,quantile,0.5,106.729402744
2026-02-21,2,wk inc rsv hosp,2026-03-07,24,quantile,0.55,108.777558031744
2026-02-21,2,wk inc rsv hosp,2026-03-07,24,quantile,0.6,116.04368531331303
2026-02-21,2,wk inc rsv hosp,2026-03-07,24,quantile,0.65,127.0273935473524
2026-02-21,2,wk inc rsv hosp,2026-03-07,24,quantile,0.7,145.00304033333333
2026-02-21,2,wk inc rsv hosp,2026-03-07,24,quantile,0.75,147.74954745098415
2026-02-21,2,wk inc rsv hosp,2026-03-07,24,quantile,0.8,152.4759075135619
2026-02-21,2,wk inc rsv hosp,2026-03-07,24,quantile,0.85,153.14541446895237
2026-02-21,2,wk inc rsv hosp,2026-03-07,24,quantile,0.9,157.28162156438097
2026-02-21,2,wk inc rsv hosp,2026-03-07,24,quantile,0.95,172.92978966666666
2026-02-21,2,wk inc rsv hosp,2026-03-07,24,quantile,0.975,172.92978966666666
2026-02-21,2,wk inc rsv hosp,2026-03-07,24,quantile,0.99,172.92978966666666
2026-02-21,2,wk inc rsv hosp,2026-03-07,26,quantile,0.01,85.14128516666668
2026-02-21,2,wk inc rsv hosp,2026-03-07,26,quantile,0.025,85.14128516666668
2026-02-21,2,wk inc rsv hosp,2026-03-07,26,quantile,0.05,85.14128516666668
2026-02-21,2,wk inc rsv hosp,2026-03-07,26,quantile,0.1,87.9779747271619
2026-02-21,2,wk inc rsv hosp,2026-03-07,26,quantile,0.15,91.07276717843804
2026-02-21,2,wk inc rsv hosp,2026-03-07,26,quantile,0.2,113.42207062737144
2026-02-21,2,wk inc rsv hosp,2026-03-07,26,quantile,0.25,114.75223104031237
2026-02-21,2,wk inc rsv hosp,2026-03-07,26,quantile,0.3,122.22298828890798
2026-02-21,2,wk inc rsv hosp,2026-03-07,26,quantile,0.35,123.97728708411807
2026-02-21,2,wk inc rsv hosp,2026-03-07,26,quantile,0.4,125.33553633929574
2026-02-21,2,wk inc rsv hosp,2026-03-07,26,quantile,0.45,126.14368563132574
2026-02-21,2,wk inc rsv hosp,2026-03-07,26,quantile,0.5,129.32155
2026-02-21,2,wk inc rsv hosp,2026-03-07,26,quantile,0.55,132.4783210353409
2026-02-21,2,wk inc rsv hosp,2026-03-07,26,quantile,0.6,133.28647032737092
2026-02-21,2,wk inc rsv hosp,2026-03-07,26,quantile,0.65,134.6447195825486
2026-02-21,2,wk inc rsv hosp,2026-03-07,26,quantile,0.7,136.3990183777587
2026-02-21,2,wk inc rsv hosp,2026-03-07,26,quantile,0.75,143.8697756263543
2026-02-21,2,wk inc rsv hosp,2026-03-07,26,quantile,0.8,145.19993603929524
2026-02-21,2,wk inc rsv hosp,2026-03-07,26,quantile,0.85,167.54923948822864
2026-02-21,2,wk inc rsv hosp,2026-03-07,26,quantile,0.9,170.64403193950477
2026-02-21,2,wk inc rsv hosp,2026-03-07,26,quantile,0.95,173.4807215
2026-02-21,2,wk inc rsv hosp,2026-03-07,26,quantile,0.975,173.4807215
2026-02-21,2,wk inc rsv hosp,2026-03-07,26,quantile,0.99,173.4807215
2026-02-21,2,wk inc rsv hosp,2026-03-07,27,quantile,0.01,164.40988833333336
2026-02-21,2,wk inc rsv hosp,2026-03-07,27,quantile,0.025,164.40988833333336
2026-02-21,2,wk inc rsv hosp,2026-03-07,27,quantile,0.05,164.40988833333336
2026-02-21,2,wk inc rsv hosp,2026-03-07,27,quantile,0.1,164.40988833333336
2026-02-21,2,wk inc rsv hosp,2026-03-07,27,quantile,0.15,164.40988833333336
2026-02-21,2,wk inc rsv hosp,2026-03-07,27,quantile,0.2,165.637394808127
2026-02-21,2,wk inc rsv hosp,2026-03-07,27,quantile,0.25,184.62756375409523
2026-02-21,2,wk inc rsv hosp,2026-03-07,27,quantile,0.3,184.6946758205295
2026-02-21,2,wk inc rsv hosp,2026-03-07,27,quantile,0.35,189.6467272671282
2026-02-21,2,wk inc rsv hosp,2026-03-07,27,quantile,0.4,190.16641149245717
2026-02-21,2,wk inc rsv hosp,2026-03-07,27,quantile,0.45,191.102523002528
2026-02-21,2,wk inc rsv hosp,2026-03-07,27,quantile,0.5,194.18787983333337
2026-02-21,2,wk inc rsv hosp,2026-03-07,27,quantile,0.55,197.125986997472
2026-02-21,2,wk inc rsv hosp,2026-03-07,27,quantile,0.6,198.06209850754288
2026-02-21,2,wk inc rsv hosp,2026-03-07,27,quantile,0.65,198.58178273287183
2026-02-21,2,wk inc rsv hosp,2026-03-07,27,quantile,0.7,203.5338341794705
2026-02-21,2,wk inc rsv hosp,2026-03-07,27,quantile,0.75,203.6009462459048
2026-02-21,2,wk inc rsv hosp,2026-03-07,27,quantile,0.8,222.59111519187303
2026-02-21,2,wk inc rsv hosp,2026-03-07,27,quantile,0.85,223.81862166666667
2026-02-21,2,wk inc rsv hosp,2026-03-07,27,quantile,0.9,223.81862166666667
2026-02-21,2,wk inc rsv hosp,2026-03-07,27,quantile,0.95,223.81862166666667
2026-02-21,2,wk inc rsv hosp,2026-03-07,27,quantile,0.975,223.81862166666667
2026-02-21,2,wk inc rsv hosp,2026-03-07,27,quantile,0.99,223.81862166666667
2026-02-21,2,wk inc rsv hosp,2026-03-07,35,quantile,0.01,121.62467316666668
2026-02-21,2,wk inc rsv hosp,2026-03-07,35,quantile,0.025,121.62467316666668
2026-02-21,2,wk inc rsv hosp,2026-03-07,35,quantile,0.05,121.62467316666668
2026-02-21,2,wk inc rsv hosp,2026-03-07,35,quantile,0.1,121.62467316666668
2026-02-21,2,wk inc rsv hosp,2026-03-07,35,quantile,0.15,124.11085589664664
2026-02-21,2,wk inc rsv hosp,2026-03-07,35,quantile,0.2,125.1038766802311
2026-02-21,2,wk inc rsv hosp,2026-03-07,35,quantile,0.25,126.00572393399251
2026-02-21,2,wk inc rsv hosp,2026-03-07,35,quantile,0.3,126.95723670405332
2026-02-21,2,wk inc rsv hosp,2026-03-07,35,quantile,0.35,128.4312568772281
2026-02-21,2,wk inc rsv hosp,2026-03-07,35,quantile,0.4,129.10744784689751
2026-02-21,2,wk inc rsv hosp,2026-03-07,35,quantile,0.45,130.37279785106486
2026-02-21,2,wk inc rsv hosp,2026-03-07,35,quantile,0.5,135.0228937
2026-02-21,2,wk inc rsv hosp,2026-03-07,35,quantile,0.55,139.06381081560178
2026-02-21,2,wk inc rsv hosp,2026-03-07,35,quantile,0.6,140.32916081976913
2026-02-21,2,wk inc rsv hosp,2026-03-07,35,quantile,0.65,141.00535178943855
2026-02-21,2,wk inc rsv hosp,2026-03-07,35,quantile,0.7,142.47937196261333
2026-02-21,2,wk inc rsv hosp,2026-03-07,35,quantile,0.75,143.43088473267412
2026-02-21,2,wk inc rsv hosp,2026-03-07,35,quantile,0.8,144.33273198643553
2026-02-21,2,wk inc rsv hosp,2026-03-07,35,quantile,0.85,145.32575277002002
2026-02-21,2,wk inc rsv hosp,2026-03-07,35,quantile,0.9,147.81193549999998
2026-02-21,2,wk inc rsv hosp,2026-03-07,35,quantile,0.95,147.81193549999998
2026-02-21,2,wk inc rsv hosp,2026-03-07,35,quantile,0.975,147.81193549999998
2026-02-21,2,wk inc rsv hosp,2026-03-07,35,quantile,0.99,147.81193549999998
2026-02-21,2,wk inc rsv hosp,2026-03-07,36,quantile,0.01,328.36296666666664
2026-02-21,2,wk inc rsv hosp,2026-03-07,36,quantile,0.025,328.36296666666664
2026-02-21,2,wk inc rsv hosp,2026-03-07,36,quantile,0.05,340.00595666539675
2026-02-21,2,wk inc rsv hosp,2026-03-07,36,quantile,0.1,347.33542928507933
2026-02-21,2,wk inc rsv hosp,2026-03-07,36,quantile,0.15,348.2033931479365
2026-02-21,2,wk inc rsv hosp,2026-03-07,36,quantile,0.2,402.24477354780953
2026-02-21,2,wk inc rsv hosp,2026-03-07,36,quantile,0.25,404.3028104243733
2026-02-21,2,wk inc rsv hosp,2026-03-07,36,quantile,0.3,411.48673945860736
2026-02-21,2,wk inc rsv hosp,2026-03-07,36,quantile,0.35,420.62741509676187
2026-02-21,2,wk inc rsv hosp,2026-03-07,36,quantile,0.4,426.8614586026667
2026-02-21,2,wk inc rsv hosp,2026-03-07,36,quantile,0.45,458.72423943333337
2026-02-21,2,wk inc rsv hosp,2026-03-07,36,quantile,0.5,468.2932799999999
2026-02-21,2,wk inc rsv hosp,2026-03-07,36,quantile,0.55,474.26582723333325
2026-02-21,2,wk inc rsv hosp,2026-03-07,36,quantile,0.6,506.12860806399993
2026-02-21,2,wk inc rsv hosp,2026-03-07,36,quantile,0.65,512.3626515699048
2026-02-21,2,wk inc rsv hosp,2026-03-07,36,quantile,0.7,521.5033272080593
2026-02-21,2,wk inc rsv hosp,2026-03-07,36,quantile,0.75,528.6872562422933
2026-02-21,2,wk inc rsv hosp,2026-03-07,36,quantile,0.8,530.7452931188571
2026-02-21,2,wk inc rsv hosp,2026-03-07,36,quantile,0.85,584.7866735187301
2026-02-21,2,wk inc rsv hosp,2026-03-07,36,quantile,0.9,585.6546373815872
2026-02-21,2,wk inc rsv hosp,2026-03-07,36,quantile,0.95,592.9841100012699
2026-02-21,2,wk inc rsv hosp,2026-03-07,36,quantile,0.975,604.6270999999999
2026-02-21,2,wk inc rsv hosp,2026-03-07,36,quantile,0.99,604.6270999999999
2026-02-21,2,wk inc rsv hosp,2026-03-07,41,quantile,0.01,90.51341083333332
2026-02-21,2,wk inc rsv hosp,2026-03-07,41,quantile,0.025,90.51341083333332
2026-02-21,2,wk inc rsv hosp,2026-03-07,41,quantile,0.05,99.15690251349588
2026-02-21,2,wk inc rsv hosp,2026-03-07,41,quantile,0.1,103.87217083084568
2026-02-21,2,wk inc rsv hosp,2026-03-07,41,quantile,0.15,120.2680908340532
2026-02-21,2,wk inc rsv hosp,2026-03-07,41,quantile,0.2,122.34755420372828
2026-02-21,2,wk inc rsv hosp,2026-03-07,41,quantile,0.25,123.1755049428438
2026-02-21,2,wk inc rsv hosp,2026-03-07,41,quantile,0.3,123.8099690532838
2026-02-21,2,wk inc rsv hosp,2026-03-07,41,quantile,0.35,124.12631867935256
2026-02-21,2,wk inc rsv hosp,2026-03-07,41,quantile,0.4,124.62959705133628
2026-02-21,2,wk inc rsv hosp,2026-03-07,41,quantile,0.45,125.43842969668648
2026-02-21,2,wk inc rsv hosp,2026-03-07,41,quantile,0.5,125.80264027666664
2026-02-21,2,wk inc rsv hosp,2026-03-07,41,quantile,0.55,125.8714153033135
2026-02-21,2,wk inc rsv hosp,2026-03-07,41,quantile,0.6,126.68024794866368
2026-02-21,2,wk inc rsv hosp,2026-03-07,41,quantile,0.65,127.18352632064742
2026-02-21,2,wk inc rsv hosp,2026-03-07,41,quantile,0.7,127.49987594671616
2026-02-21,2,wk inc rsv hosp,2026-03-07,41,quantile,0.75,128.13434005715618
2026-02-21,2,wk inc rsv hosp,2026-03-07,41,quantile,0.8,128.9622907962717
2026-02-21,2,wk inc rsv hosp,2026-03-07,41,quantile,0.85,131.04175416594677
2026-02-21,2,wk inc rsv hosp,2026-03-07,41,quantile,0.9,147.4376741691543
2026-02-21,2,wk inc rsv hosp,2026-03-07,41,quantile,0.95,152.1529424865041
2026-02-21,2,wk inc rsv hosp,2026-03-07,41,quantile,0.975,160.79643416666664
2026-02-21,2,wk inc rsv hosp,2026-03-07,41,quantile,0.99,160.79643416666664
2026-02-21,2,wk inc rsv hosp,2026-03-07,47,quantile,0.01,26.848279000000034
2026-02-21,2,wk inc rsv hosp,2026-03-07,47,quantile,0.025,26.848279000000034
2026-02-21,2,wk inc rsv hosp,2026-03-07,47,quantile,0.05,26.848279000000034
2026-02-21,2,wk inc rsv hosp,2026-03-07,47,quantile,0.1,26.848279000000034
2026-02-21,2,wk inc rsv hosp,2026-03-07,47,quantile,0.15,43.28602009175877
2026-02-21,2,wk inc rsv hosp,2026-03-07,47,quantile,0.2,54.53706584637469
2026-02-21,2,wk inc rsv hosp,2026-03-07,47,quantile,0.25,117.15780412470475
2026-02-21,2,wk inc rsv hosp,2026-03-07,47,quantile,0.3,117.942171790352
2026-02-21,2,wk inc rsv hosp,2026-03-07,47,quantile,0.35,117.949252686944
2026-02-21,2,wk inc rsv hosp,2026-03-07,47,quantile,0.4,121.47673076699682
2026-02-21,2,wk inc rsv hosp,2026-03-07,47,quantile,0.45,121.51832723334856
2026-02-21,2,wk inc rsv hosp,2026-03-07,47,quantile,0.5,126.29915083333331
2026-02-21,2,wk inc rsv hosp,2026-03-07,47,quantile,0.55,128.18679409998475
2026-02-21,2,wk inc rsv hosp,2026-03-07,47,quantile,0.6,128.2283905663365
2026-02-21,2,wk inc rsv hosp,2026-03-07,47,quantile,0.65,131.75586864638933
2026-02-21,2,wk inc rsv hosp,2026-03-07,47,quantile,0.7,131.76294954298132
2026-02-21,2,wk inc rsv hosp,2026-03-07,47,quantile,0.75,132.54731720862858
2026-02-21,2,wk inc rsv hosp,2026-03-07,47,quantile,0.8,195.16805548695865
2026-02-21,2,wk inc rsv hosp,2026-03-07,47,quantile,0.85,206.41910124157457
2026-02-21,2,wk inc rsv hosp,2026-03-07,47,quantile,0.9,222.8568423333333
2026-02-21,2,wk inc rsv hosp,2026-03-07,47,quantile,0.95,222.8568423333333
2026-02-21,2,wk inc rsv hosp,2026-03-07,47,quantile,0.975,222.8568423333333
2026-02-21,2,wk inc rsv hosp,2026-03-07,47,quantile,0.99,222.8568423333333
2026-02-21,2,wk inc rsv hosp,2026-03-07,49,quantile,0.01,41.98193925
2026-02-21,2,wk inc rsv hosp,2026-03-07,49,quantile,0.025,41.98193925
2026-02-21,2,wk inc rsv hosp,2026-03-07,49,quantile,0.05,41.98193925
2026-02-21,2,wk inc rsv hosp,2026-03-07,49,quantile,0.1,42.08504306184126
2026-02-21,2,wk inc rsv hosp,2026-03-07,49,quantile,0.15,42.10057925266666
2026-02-21,2,wk inc rsv hosp,2026-03-07,49,quantile,0.2,48.195412674133344
2026-02-21,2,wk inc rsv hosp,2026-03-07,49,quantile,0.25,48.597283090844435
2026-02-21,2,wk inc rsv hosp,2026-03-07,49,quantile,0.3,49.7760153401143
2026-02-21,2,wk inc rsv hosp,2026-03-07,49,quantile,0.35,50.61746895920631
2026-02-21,2,wk inc rsv hosp,2026-03-07,49,quantile,0.4,55.65729066666666
2026-02-21,2,wk inc rsv hosp,2026-03-07,49,quantile,0.45,55.65729066666666
2026-02-21,2,wk inc rsv hosp,2026-03-07,49,quantile,0.5,62.09535533333332
2026-02-21,2,wk inc rsv hosp,2026-03-07,49,quantile,0.55,62.09535533333332
2026-02-21,2,wk inc rsv hosp,2026-03-07,49,quantile,0.6,62.09535533333332
2026-02-21,2,wk inc rsv hosp,2026-03-07,49,quantile,0.65,67.13517704079368
2026-02-21,2,wk inc rsv hosp,2026-03-07,49,quantile,0.7,67.97663065988569
2026-02-21,2,wk inc rsv hosp,2026-03-07,49,quantile,0.75,69.15536290915554
2026-02-21,2,wk inc rsv hosp,2026-03-07,49,quantile,0.8,69.55723332586665
2026-02-21,2,wk inc rsv hosp,2026-03-07,49,quantile,0.85,75.65206674733332
2026-02-21,2,wk inc rsv hosp,2026-03-07,49,quantile,0.9,75.66760293815872
2026-02-21,2,wk inc rsv hosp,2026-03-07,49,quantile,0.95,75.77070674999999
2026-02-21,2,wk inc rsv hosp,2026-03-07,49,quantile,0.975,75.77070674999999
2026-02-21,2,wk inc rsv hosp,2026-03-07,49,quantile,0.99,75.77070674999999
2026-02-21,2,wk inc rsv hosp,2026-03-07,US,quantile,0.01,4763.3392
2026-02-21,2,wk inc rsv hosp,2026-03-07,US,quantile,0.025,4763.3392
2026-02-21,2,wk inc rsv hosp,2026-03-07,US,quantile,0.05,4763.3392
2026-02-21,2,wk inc rsv hosp,2026-03-07,US,quantile,0.1,4763.3392
2026-02-21,2,wk inc rsv hosp,2026-03-07,US,quantile,0.15,4763.3392
2026-02-21,2,wk inc rsv hosp,2026-03-07,US,quantile,0.2,4868.0712664825405
2026-02-21,2,wk inc rsv hosp,2026-03-07,US,quantile,0.25,5044.208705987301
2026-02-21,2,wk inc rsv hosp,2026-03-07,US,quantile,0.3,5719.324043769778
2026-02-21,2,wk inc rsv hosp,2026-03-07,US,quantile,0.35,5725.068578570666
2026-02-21,2,wk inc rsv hosp,2026-03-07,US,quantile,0.4,6008.179153483176
2026-02-21,2,wk inc rsv hosp,2026-03-07,US,quantile,0.45,6274.915820026895
2026-02-21,2,wk inc rsv hosp,2026-03-07,US,quantile,0.5,6388.954438333333
2026-02-21,2,wk inc rsv hosp,2026-03-07,US,quantile,0.55,6484.722779973105
2026-02-21,2,wk inc rsv hosp,2026-03-07,US,quantile,0.6,6751.459446516824
2026-02-21,2,wk inc rsv hosp,2026-03-07,US,quantile,0.65,7034.570021429334
2026-02-21,2,wk inc rsv hosp,2026-03-07,US,quantile,0.7,7040.3145562302225
2026-02-21,2,wk inc rsv hosp,2026-03-07,US,quantile,0.75,7715.429894012699
2026-02-21,2,wk inc rsv hosp,2026-03-07,US,quantile,0.8,7891.56733351746
2026-02-21,2,wk inc rsv hosp,2026-03-07,US,quantile,0.85,7996.2994
2026-02-21,2,wk inc rsv hosp,2026-03-07,US,quantile,0.9,7996.2994
2026-02-21,2,wk inc rsv hosp,2026-03-07,US,quantile,0.95,7996.2994
2026-02-21,2,wk inc rsv hosp,2026-03-07,US,quantile,0.975,7996.2994
2026-02-21,2,wk inc rsv hosp,2026-03-07,US,quantile,0.99,7996.2994
2026-02-21,3,wk inc rsv hosp,2026-03-14,06,quantile,0.01,214.4929500000001
2026-02-21,3,wk inc rsv hosp,2026-03-14,06,quantile,0.025,214.4929500000001
2026-02-21,3,wk inc rsv hosp,2026-03-14,06,quantile,0.05,214.4929500000001
2026-02-21,3,wk inc rsv hosp,2026-03-14,06,quantile,0.1,231.1243234565079
2026-02-21,3,wk inc rsv hosp,2026-03-14,06,quantile,0.15,233.6304208266666
2026-02-21,3,wk inc rsv hosp,2026-03-14,06,quantile,0.2,250.44500596063497
2026-02-21,3,wk inc rsv hosp,2026-03-14,06,quantile,0.25,270.6305634444444
2026-02-21,3,wk inc rsv hosp,2026-03-14,06,quantile,0.3,287.6503657455999
2026-02-21,3,wk inc rsv hosp,2026-03-14,06,quantile,0.35,330.47323666453326
2026-02-21,3,wk inc rsv hosp,2026-03-14,06,quantile,0.4,336.5145922555417
2026-02-21,3,wk inc rsv hosp,2026-03-14,06,quantile,0.45,343.7532296762414
2026-02-21,3,wk inc rsv hosp,2026-03-14,06,quantile,0.5,346.851587755
2026-02-21,3,wk inc rsv hosp,2026-03-14,06,quantile,0.55,349.3343203237587
2026-02-21,3,wk inc rsv hosp,2026-03-14,06,quantile,0.6,356.5729577444584
2026-02-21,3,wk inc rsv hosp,2026-03-14,06,quantile,0.65,362.6143133354668
2026-02-21,3,wk inc rsv hosp,2026-03-14,06,quantile,0.7,405.43718425440017
2026-02-21,3,wk inc rsv hosp,2026-03-14,06,quantile,0.75,422.45698655555566
2026-02-21,3,wk inc rsv hosp,2026-03-14,06,quantile,0.8,442.64254403936513
2026-02-21,3,wk inc rsv hosp,2026-03-14,06,quantile,0.85,459.45712917333344
2026-02-21,3,wk inc rsv hosp,2026-03-14,06,quantile,0.9,461.96322654349217
2026-02-21,3,wk inc rsv hosp,2026-03-14,06,quantile,0.95,478.5946
2026-02-21,3,wk inc rsv hosp,2026-03-14,06,quantile,0.975,478.5946
2026-02-21,3,wk inc rsv hosp,2026-03-14,06,quantile,0.99,478.5946
2026-02-21,3,wk inc rsv hosp,2026-03-14,08,quantile,0.01,124.37803583333334
2026-02-21,3,wk inc rsv hosp,2026-03-14,08,quantile,0.025,124.37803583333334
2026-02-21,3,wk inc rsv hosp,2026-03-14,08,quantile,0.05,124.37803583333334
2026-02-21,3,wk inc rsv hosp,2026-03-14,08,quantile,0.1,131.15728216196828
2026-02-21,3,wk inc rsv hosp,2026-03-14,08,quantile,0.15,154.0199483761267
2026-02-21,3,wk inc rsv hosp,2026-03-14,08,quantile,0.2,211.2236479875048
2026-02-21,3,wk inc rsv hosp,2026-03-14,08,quantile,0.25,214.5493972328254
2026-02-21,3,wk inc rsv hosp,2026-03-14,08,quantile,0.3,216.82485950841271
2026-02-21,3,wk inc rsv hosp,2026-03-14,08,quantile,0.35,217.73493640629843
2026-02-21,3,wk inc rsv hosp,2026-03-14,08,quantile,0.4,218.5796043675412
2026-02-21,3,wk inc rsv hosp,2026-03-14,08,quantile,0.45,226.39411678194287
2026-02-21,3,wk inc rsv hosp,2026-03-14,08,quantile,0.5,231.1214552666667
2026-02-21,3,wk inc rsv hosp,2026-03-14,08,quantile,0.55,235.17815988472384
2026-02-21,3,wk inc rsv hosp,2026-03-14,08,quantile,0.6,242.9926722991255
2026-02-21,3,wk inc rsv hosp,2026-03-14,08,quantile,0.65,243.83734026036828
2026-02-21,3,wk inc rsv hosp,2026-03-14,08,quantile,0.7,244.747417158254
2026-02-21,3,wk inc rsv hosp,2026-03-14,08,quantile,0.75,247.0228794338413
2026-02-21,3,wk inc rsv hosp,2026-03-14,08,quantile,0.8,250.34862867916192
2026-02-21,3,wk inc rsv hosp,2026-03-14,08,quantile,0.85,307.55232829054
2026-02-21,3,wk inc rsv hosp,2026-03-14,08,quantile,0.9,330.4149945046984
2026-02-21,3,wk inc rsv hosp,2026-03-14,08,quantile,0.95,337.19424083333337
2026-02-21,3,wk inc rsv hosp,2026-03-14,08,quantile,0.975,337.19424083333337
2026-02-21,3,wk inc rsv hosp,2026-03-14,08,quantile,0.99,337.19424083333337
2026-02-21,3,wk inc rsv hosp,2026-03-14,09,quantile,0.01,82.19195566666667
2026-02-21,3,wk inc rsv hosp,2026-03-14,09,quantile,0.025,82.19195566666667
2026-02-21,3,wk inc rsv hosp,2026-03-14,09,quantile,0.05,82.19195566666667
2026-02-21,3,wk inc rsv hosp,2026-03-14,09,quantile,0.1,82.19195566666667
2026-02-21,3,wk inc rsv hosp,2026-03-14,09,quantile,0.15,82.19195566666667
2026-02-21,3,wk inc rsv hosp,2026-03-14,09,quantile,0.2,104.16058425643426
2026-02-21,3,wk inc rsv hosp,2026-03-14,09,quantile,0.25,111.6695603663873
2026-02-21,3,wk inc rsv hosp,2026-03-14,09,quantile,0.3,113.6582154834438
2026-02-21,3,wk inc rsv hosp,2026-03-14,09,quantile,0.35,116.53688677780666
2026-02-21,3,wk inc rsv hosp,2026-03-14,09,quantile,0.4,117.26039222809142
2026-02-21,3,wk inc rsv hosp,2026-03-14,09,quantile,0.45,118.33716267008086
2026-02-21,3,wk inc rsv hosp,2026-03-14,09,quantile,0.5,120.33796788666668
2026-02-21,3,wk inc rsv hosp,2026-03-14,09,quantile,0.55,121.41595532991914
2026-02-21,3,wk inc rsv hosp,2026-03-14,09,quantile,0.6,122.49272577190858
2026-02-21,3,wk inc rsv hosp,2026-03-14,09,quantile,0.65,123.21623122219334
2026-02-21,3,wk inc rsv hosp,2026-03-14,09,quantile,0.7,126.0949025165562
2026-02-21,3,wk inc rsv hosp,2026-03-14,09,quantile,0.75,128.0835576336127
2026-02-21,3,wk inc rsv hosp,2026-03-14,09,quantile,0.8,135.59253374356575
2026-02-21,3,wk inc rsv hosp,2026-03-14,09,quantile,0.85,157.56116233333333
2026-02-21,3,wk inc rsv hosp,2026-03-14,09,quantile,0.9,157.56116233333333
2026-02-21,3,wk inc rsv hosp,2026-03-14,09,quantile,0.95,157.56116233333333
2026-02-21,3,wk inc rsv hosp,2026-03-14,09,quantile,0.975,157.56116233333333
2026-02-21,3,wk inc rsv hosp,2026-03-14,09,quantile,0.99,157.56116233333333
2026-02-21,3,wk inc rsv hosp,2026-03-14,13,quantile,0.01,200.02423050000004
2026-02-21,3,wk inc rsv hosp,2026-03-14,13,quantile,0.025,200.02423050000004
2026-02-21,3,wk inc rsv hosp,2026-03-14,13,quantile,0.05,200.02423050000004
2026-02-21,3,wk inc rsv hosp,2026-03-14,13,quantile,0.1,200.02423050000004
2026-02-21,3,wk inc rsv hosp,2026-03-14,13,quantile,0.15,203.0134486040635
2026-02-21,3,wk inc rsv hosp,2026-03-14,13,quantile,0.2,208.46664800609528
2026-02-21,3,wk inc rsv hosp,2026-03-14,13,quantile,0.25,223.45580088
2026-02-21,3,wk inc rsv hosp,2026-03-14,13,quantile,0.3,250.9252393021968
2026-02-21,3,wk inc rsv hosp,2026-03-14,13,quantile,0.35,257.22460286158736
2026-02-21,3,wk inc rsv hosp,2026-03-14,13,quantile,0.4,268.58185662003814
2026-02-21,3,wk inc rsv hosp,2026-03-14,13,quantile,0.45,272.8410978394457
2026-02-21,3,wk inc rsv hosp,2026-03-14,13,quantile,0.5,282.16056333333336
2026-02-21,3,wk inc rsv hosp,2026-03-14,13,quantile,0.55,283.98142216055436
2026-02-21,3,wk inc rsv hosp,2026-03-14,13,quantile,0.6,288.2406633799619
2026-02-21,3,wk inc rsv hosp,2026-03-14,13,quantile,0.65,299.5979171384127
2026-02-21,3,wk inc rsv hosp,2026-03-14,13,quantile,0.7,305.89728069780324
2026-02-21,3,wk inc rsv hosp,2026-03-14,13,quantile,0.75,333.3667191200001
2026-02-21,3,wk inc rsv hosp,2026-03-14,13,quantile,0.8,348.35587199390477
2026-02-21,3,wk inc rsv hosp,2026-03-14,13,quantile,0.85,353.80907139593654
2026-02-21,3,wk inc rsv hosp,2026-03-14,13,quantile,0.9,356.7982895
2026-02-21,3,wk inc rsv hosp,2026-03-14,13,quantile,0.95,356.7982895
2026-02-21,3,wk inc rsv hosp,2026-03-14,13,quantile,0.975,356.7982895
2026-02-21,3,wk inc rsv hosp,2026-03-14,13,quantile,0.99,356.7982895
2026-02-21,3,wk inc rsv hosp,2026-03-14,24,quantile,0.01,15.944047499999996
2026-02-21,3,wk inc rsv hosp,2026-03-14,24,quantile,0.025,15.944047499999996
2026-02-21,3,wk inc rsv hosp,2026-03-14,24,quantile,0.05,15.944047499999996
2026-02-21,3,wk inc rsv hosp,2026-03-14,24,quantile,0.1,27.134340779619052
2026-02-21,3,wk inc rsv hosp,2026-03-14,24,quantile,0.15,28.82054935599993
2026-02-21,3,wk inc rsv hosp,2026-03-14,24,quantile,0.2,66.3245846688889
2026-02-21,3,wk inc rsv hosp,2026-03-14,24,quantile,0.25,70.52191322380949
2026-02-21,3,wk inc rsv hosp,2026-03-14,24,quantile,0.3,80.66095160558731
2026-02-21,3,wk inc rsv hosp,2026-03-14,24,quantile,0.35,86.70221851492065
2026-02-21,3,wk inc rsv hosp,2026-03-14,24,quantile,0.4,103.67435745069652
2026-02-21,3,wk inc rsv hosp,2026-03-14,24,quantile,0.45,104.24945347825523
2026-02-21,3,wk inc rsv hosp,2026-03-14,24,quantile,0.5,105.10005326666668
2026-02-21,3,wk inc rsv hosp,2026-03-14,24,quantile,0.55,105.65224618841144
2026-02-21,3,wk inc rsv hosp,2026-03-14,24,quantile,0.6,106.22734221597015
2026-02-21,3,wk inc rsv hosp,2026-03-14,24,quantile,0.65,123.19948115174604
2026-02-21,3,wk inc rsv hosp,2026-03-14,24,quantile,0.7,129.24074806107936
2026-02-21,3,wk inc rsv hosp,2026-03-14,24,quantile,0.75,139.37978644285718
2026-02-21,3,wk inc rsv hosp,2026-03-14,24,quantile,0.8,143.57711499777776
2026-02-21,3,wk inc rsv hosp,2026-03-14,24,quantile,0.85,181.08115031066671
2026-02-21,3,wk inc rsv hosp,2026-03-14,24,quantile,0.9,182.76735888704764
2026-02-21,3,wk inc rsv hosp,2026-03-14,24,quantile,0.95,193.95765216666663
2026-02-21,3,wk inc rsv hosp,2026-03-14,24,quantile,0.975,193.95765216666663
2026-02-21,3,wk inc rsv hosp,2026-03-14,24,quantile,0.99,193.95765216666663
2026-02-21,3,wk inc rsv hosp,2026-03-14,26,quantile,0.01,51.88413916666667
2026-02-21,3,wk inc rsv hosp,2026-03-14,26,quantile,0.025,51.88413916666667
2026-02-21,3,wk inc rsv hosp,2026-03-14,26,quantile,0.05,69.39494287866657
2026-02-21,3,wk inc rsv hosp,2026-03-14,26,quantile,0.1,78.85390381238095
2026-02-21,3,wk inc rsv hosp,2026-03-14,26,quantile,0.15,92.76384709999998
2026-02-21,3,wk inc rsv hosp,2026-03-14,26,quantile,0.2,114.3292857269048
2026-02-21,3,wk inc rsv hosp,2026-03-14,26,quantile,0.25,115.40017457066666
2026-02-21,3,wk inc rsv hosp,2026-03-14,26,quantile,0.3,119.0507459917254
2026-02-21,3,wk inc rsv hosp,2026-03-14,26,quantile,0.35,120.26746912281904
2026-02-21,3,wk inc rsv hosp,2026-03-14,26,quantile,0.4,120.99132040261588
2026-02-21,3,wk inc rsv hosp,2026-03-14,26,quantile,0.45,122.07326256483807
2026-02-21,3,wk inc rsv hosp,2026-03-14,26,quantile,0.5,129.95250696666665
2026-02-21,3,wk inc rsv hosp,2026-03-14,26,quantile,0.55,131.6028724351619
2026-02-21,3,wk inc rsv hosp,2026-03-14,26,quantile,0.6,132.68481459738413
2026-02-21,3,wk inc rsv hosp,2026-03-14,26,quantile,0.65,133.40866587718094
2026-02-21,3,wk inc rsv hosp,2026-03-14,26,quantile,0.7,134.6253890082746
2026-02-21,3,wk inc rsv hosp,2026-03-14,26,quantile,0.75,138.27596042933334
2026-02-21,3,wk inc rsv hosp,2026-03-14,26,quantile,0.8,139.34684927309522
2026-02-21,3,wk inc rsv hosp,2026-03-14,26,quantile,0.85,160.91228790000002
2026-02-21,3,wk inc rsv hosp,2026-03-14,26,quantile,0.9,174.82223118761902
2026-02-21,3,wk inc rsv hosp,2026-03-14,26,quantile,0.95,184.28119212133345
2026-02-21,3,wk inc rsv hosp,2026-03-14,26,quantile,0.975,201.79199583333332
2026-02-21,3,wk inc rsv hosp,2026-03-14,26,quantile,0.99,201.79199583333332
2026-02-21,3,wk inc rsv hosp,2026-03-14,27,quantile,0.01,169.33851599999997
2026-02-21,3,wk inc rsv hosp,2026-03-14,27,quantile,0.025,169.33851599999997
2026-02-21,3,wk inc rsv hosp,2026-03-14,27,quantile,0.05,169.33851599999997
2026-02-21,3,wk inc rsv hosp,2026-03-14,27,quantile,0.1,169.33851599999997
2026-02-21,3,wk inc rsv hosp,2026-03-14,27,quantile,0.15,178.0938245062856
2026-02-21,3,wk inc rsv hosp,2026-03-14,27,quantile,0.2,180.2504178573968
2026-02-21,3,wk inc rsv hosp,2026-03-14,27,quantile,0.25,181.92755662996825
2026-02-21,3,wk inc rsv hosp,2026-03-14,27,quantile,0.3,185.4242488862222
2026-02-21,3,wk inc rsv hosp,2026-03-14,27,quantile,0.35,189.00899449047617
2026-02-21,3,wk inc rsv hosp,2026-03-14,27,quantile,0.4,193.00632533685712
2026-02-21,3,wk inc rsv hosp,2026-03-14,27,quantile,0.45,195.40630617189797
2026-02-21,3,wk inc rsv hosp,2026-03-14,27,quantile,0.5,197.9802093
2026-02-21,3,wk inc rsv hosp,2026-03-14,27,quantile,0.55,200.23761716143537
2026-02-21,3,wk inc rsv hosp,2026-03-14,27,quantile,0.6,202.6375979964762
2026-02-21,3,wk inc rsv hosp,2026-03-14,27,quantile,0.65,206.6349288428571
2026-02-21,3,wk inc rsv hosp,2026-03-14,27,quantile,0.7,210.21967444711112
2026-02-21,3,wk inc rsv hosp,2026-03-14,27,quantile,0.75,213.71636670336505
2026-02-21,3,wk inc rsv hosp,2026-03-14,27,quantile,0.8,215.3935054759365
2026-02-21,3,wk inc rsv hosp,2026-03-14,27,quantile,0.85,217.55009882704772
2026-02-21,3,wk inc rsv hosp,2026-03-14,27,quantile,0.9,226.3054073333333
2026-02-21,3,wk inc rsv hosp,2026-03-14,27,quantile,0.95,226.3054073333333
2026-02-21,3,wk inc rsv hosp,2026-03-14,27,quantile,0.975,226.3054073333333
2026-02-21,3,wk inc rsv hosp,2026-03-14,27,quantile,0.99,226.3054073333333
2026-02-21,3,wk inc rsv hosp,2026-03-14,35,quantile,0.01,121.00133578333332
2026-02-21,3,wk inc rsv hosp,2026-03-14,35,quantile,0.025,121.00133578333332
2026-02-21,3,wk inc rsv hosp,2026-03-14,35,quantile,0.05,121.37786634470602
2026-02-21,3,wk inc rsv hosp,2026-03-14,35,quantile,0.1,122.9335469783822
2026-02-21,3,wk inc rsv hosp,2026-03-14,35,quantile,0.15,123.34239518340824
2026-02-21,3,wk inc rsv hosp,2026-03-14,35,quantile,0.2,125.52771338248748
2026-02-21,3,wk inc rsv hosp,2026-03-14,35,quantile,0.25,127.70767412457776
2026-02-21,3,wk inc rsv hosp,2026-03-14,35,quantile,0.3,129.06973711427935
2026-02-21,3,wk inc rsv hosp,2026-03-14,35,quantile,0.35,129.77026690703872
2026-02-21,3,wk inc rsv hosp,2026-03-14,35,quantile,0.4,130.29829942562094
2026-02-21,3,wk inc rsv hosp,2026-03-14,35,quantile,0.45,131.25994939249952
2026-02-21,3,wk inc rsv hosp,2026-03-14,35,quantile,0.5,147.490231
2026-02-21,3,wk inc rsv hosp,2026-03-14,35,quantile,0.55,149.7084039408338
2026-02-21,3,wk inc rsv hosp,2026-03-14,35,quantile,0.6,150.67005390771237
2026-02-21,3,wk inc rsv hosp,2026-03-14,35,quantile,0.65,151.1980864262946
2026-02-21,3,wk inc rsv hosp,2026-03-14,35,quantile,0.7,151.89861621905396
2026-02-21,3,wk inc rsv hosp,2026-03-14,35,quantile,0.75,153.26067920875556
2026-02-21,3,wk inc rsv hosp,2026-03-14,35,quantile,0.8,155.44063995084582
2026-02-21,3,wk inc rsv hosp,2026-03-14,35,quantile,0.85,157.62595814992508
2026-02-21,3,wk inc rsv hosp,2026-03-14,35,quantile,0.9,158.0348063549511
2026-02-21,3,wk inc rsv hosp,2026-03-14,35,quantile,0.95,159.59048698862728
2026-02-21,3,wk inc rsv hosp,2026-03-14,35,quantile,0.975,159.96701754999998
2026-02-21,3,wk inc rsv hosp,2026-03-14,35,quantile,0.99,159.96701754999998
2026-02-21,3,wk inc rsv hosp,2026-03-14,36,quantile,0.01,247.74709000000007
2026-02-21,3,wk inc rsv hosp,2026-03-14,36,quantile,0.025,247.74709000000007
2026-02-21,3,wk inc rsv hosp,2026-03-14,36,quantile,0.05,247.74709000000007
2026-02-21,3,wk inc rsv hosp,2026-03-14,36,quantile,0.1,247.74709000000007
2026-02-21,3,wk inc rsv hosp,2026-03-14,36,quantile,0.15,247.74709000000007
2026-02-21,3,wk inc rsv hosp,2026-03-14,36,quantile,0.2,276.77487734476205
2026-02-21,3,wk inc rsv hosp,2026-03-14,36,quantile,0.25,279.18965422349214
2026-02-21,3,wk inc rsv hosp,2026-03-14,36,quantile,0.3,284.4657089635556
2026-02-21,3,wk inc rsv hosp,2026-03-14,36,quantile,0.35,333.70853422076203
2026-02-21,3,wk inc rsv hosp,2026-03-14,36,quantile,0.4,345.72590563924456
2026-02-21,3,wk inc rsv hosp,2026-03-14,36,quantile,0.45,399.3282724998572
2026-02-21,3,wk inc rsv hosp,2026-03-14,36,quantile,0.5,404.1631656333334
2026-02-21,3,wk inc rsv hosp,2026-03-14,36,quantile,0.55,405.80883083347624
2026-02-21,3,wk inc rsv hosp,2026-03-14,36,quantile,0.6,459.4111976940889
2026-02-21,3,wk inc rsv hosp,2026-03-14,36,quantile,0.65,471.42856911257144
2026-02-21,3,wk inc rsv hosp,2026-03-14,36,quantile,0.7,520.6713943697779
2026-02-21,3,wk inc rsv hosp,2026-03-14,36,quantile,0.75,525.9474491098413
2026-02-21,3,wk inc rsv hosp,2026-03-14,36,quantile,0.8,528.3622259885714
2026-02-21,3,wk inc rsv hosp,2026-03-14,36,quantile,0.85,557.3900133333334
2026-02-21,3,wk inc rsv hosp,2026-03-14,36,quantile,0.9,557.3900133333334
2026-02-21,3,wk inc rsv hosp,2026-03-14,36,quantile,0.95,557.3900133333334
2026-02-21,3,wk inc rsv hosp,2026-03-14,36,quantile,0.975,557.3900133333334
2026-02-21,3,wk inc rsv hosp,2026-03-14,36,quantile,0.99,557.3900133333334
2026-02-21,3,wk inc rsv hosp,2026-03-14,41,quantile,0.01,107.2450982
2026-02-21,3,wk inc rsv hosp,2026-03-14,41,quantile,0.025,107.2450982
2026-02-21,3,wk inc rsv hosp,2026-03-14,41,quantile,0.05,107.2450982
2026-02-21,3,wk inc rsv hosp,2026-03-14,41,quantile,0.1,107.2450982
2026-02-21,3,wk inc rsv hosp,2026-03-14,41,quantile,0.15,109.39048054530792
2026-02-21,3,wk inc rsv hosp,2026-03-14,41,quantile,0.2,110.0370341288254
2026-02-21,3,wk inc rsv hosp,2026-03-14,41,quantile,0.25,123.06189495428568
2026-02-21,3,wk inc rsv hosp,2026-03-14,41,quantile,0.3,124.35841155943363
2026-02-21,3,wk inc rsv hosp,2026-03-14,41,quantile,0.35,125.46927620556944
2026-02-21,3,wk inc rsv hosp,2026-03-14,41,quantile,0.4,126.11951811119046
2026-02-21,3,wk inc rsv hosp,2026-03-14,41,quantile,0.45,126.19136863674126
2026-02-21,3,wk inc rsv hosp,2026-03-14,41,quantile,0.5,127.70730908333331
2026-02-21,3,wk inc rsv hosp,2026-03-14,41,quantile,0.55,128.3463213632587
2026-02-21,3,wk inc rsv hosp,2026-03-14,41,quantile,0.6,128.4181718888095
2026-02-21,3,wk inc rsv hosp,2026-03-14,41,quantile,0.65,129.06841379443054
2026-02-21,3,wk inc rsv hosp,2026-03-14,41,quantile,0.7,130.17927844056632
2026-02-21,3,wk inc rsv hosp,2026-03-14,41,quantile,0.75,131.47579504571428
2026-02-21,3,wk inc rsv hosp,2026-03-14,41,quantile,0.8,144.50065587117456
2026-02-21,3,wk inc rsv hosp,2026-03-14,41,quantile,0.85,145.14720945469205
2026-02-21,3,wk inc rsv hosp,2026-03-14,41,quantile,0.9,147.29259179999997
2026-02-21,3,wk inc rsv hosp,2026-03-14,41,quantile,0.95,147.29259179999997
2026-02-21,3,wk inc rsv hosp,2026-03-14,41,quantile,0.975,147.29259179999997
2026-02-21,3,wk inc rsv hosp,2026-03-14,41,quantile,0.99,147.29259179999997
2026-02-21,3,wk inc rsv hosp,2026-03-14,47,quantile,0.01,39.6807135
2026-02-21,3,wk inc rsv hosp,2026-03-14,47,quantile,0.025,39.6807135
2026-02-21,3,wk inc rsv hosp,2026-03-14,47,quantile,0.05,39.6807135
2026-02-21,3,wk inc rsv hosp,2026-03-14,47,quantile,0.1,43.49242171257136
2026-02-21,3,wk inc rsv hosp,2026-03-14,47,quantile,0.15,67.2520695709334
2026-02-21,3,wk inc rsv hosp,2026-03-14,47,quantile,0.2,68.99770832648889
2026-02-21,3,wk inc rsv hosp,2026-03-14,47,quantile,0.25,69.00099741057778
2026-02-21,3,wk inc rsv hosp,2026-03-14,47,quantile,0.3,69.11611535368888
2026-02-21,3,wk inc rsv hosp,2026-03-14,47,quantile,0.35,107.80124615303112
2026-02-21,3,wk inc rsv hosp,2026-03-14,47,quantile,0.4,110.49091348168892
2026-02-21,3,wk inc rsv hosp,2026-03-14,47,quantile,0.45,114.3092092409962
2026-02-21,3,wk inc rsv hosp,2026-03-14,47,quantile,0.5,120.03560343333334
2026-02-21,3,wk inc rsv hosp,2026-03-14,47,quantile,0.55,122.8631157590038
2026-02-21,3,wk inc rsv hosp,2026-03-14,47,quantile,0.6,126.68141151831108
2026-02-21,3,wk inc rsv hosp,2026-03-14,47,quantile,0.65,129.37107884696889
2026-02-21,3,wk inc rsv hosp,2026-03-14,47,quantile,0.7,168.05620964631112
2026-02-21,3,wk inc rsv hosp,2026-03-14,47,quantile,0.75,168.17132758942222
2026-02-21,3,wk inc rsv hosp,2026-03-14,47,quantile,0.8,168.1746166735111
2026-02-21,3,wk inc rsv hosp,2026-03-14,47,quantile,0.85,169.9202554290666
2026-02-21,3,wk inc rsv hosp,2026-03-14,47,quantile,0.9,193.67990328742863
2026-02-21,3,wk inc rsv hosp,2026-03-14,47,quantile,0.95,197.4916115
2026-02-21,3,wk inc rsv hosp,2026-03-14,47,quantile,0.975,197.4916115
2026-02-21,3,wk inc rsv hosp,2026-03-14,47,quantile,0.99,197.4916115
2026-02-21,3,wk inc rsv hosp,2026-03-14,49,quantile,0.01,34.860404
2026-02-21,3,wk inc rsv hosp,2026-03-14,49,quantile,0.025,34.860404
2026-02-21,3,wk inc rsv hosp,2026-03-14,49,quantile,0.05,34.860404
2026-02-21,3,wk inc rsv hosp,2026-03-14,49,quantile,0.1,35.41869040282857
2026-02-21,3,wk inc rsv hosp,2026-03-14,49,quantile,0.15,43.66314036914285
2026-02-21,3,wk inc rsv hosp,2026-03-14,49,quantile,0.2,44.24274224
2026-02-21,3,wk inc rsv hosp,2026-03-14,49,quantile,0.25,47.31072837720002
2026-02-21,3,wk inc rsv hosp,2026-03-14,49,quantile,0.3,48.12007554691431
2026-02-21,3,wk inc rsv hosp,2026-03-14,49,quantile,0.35,52.78070819828334
2026-02-21,3,wk inc rsv hosp,2026-03-14,49,quantile,0.4,54.267677580814286
2026-02-21,3,wk inc rsv hosp,2026-03-14,49,quantile,0.45,55.372952303501606
2026-02-21,3,wk inc rsv hosp,2026-03-14,49,quantile,0.5,70.53141151666667
2026-02-21,3,wk inc rsv hosp,2026-03-14,49,quantile,0.55,78.98442202983172
2026-02-21,3,wk inc rsv hosp,2026-03-14,49,quantile,0.6,80.08969675251905
2026-02-21,3,wk inc rsv hosp,2026-03-14,49,quantile,0.65,81.57666613504998
2026-02-21,3,wk inc rsv hosp,2026-03-14,49,quantile,0.7,86.23729878641902
2026-02-21,3,wk inc rsv hosp,2026-03-14,49,quantile,0.75,87.0466459561333
2026-02-21,3,wk inc rsv hosp,2026-03-14,49,quantile,0.8,90.11463209333331
2026-02-21,3,wk inc rsv hosp,2026-03-14,49,quantile,0.85,90.69423396419047
2026-02-21,3,wk inc rsv hosp,2026-03-14,49,quantile,0.9,98.93868393050477
2026-02-21,3,wk inc rsv hosp,2026-03-14,49,quantile,0.95,99.49697033333332
2026-02-21,3,wk inc rsv hosp,2026-03-14,49,quantile,0.975,99.49697033333332
2026-02-21,3,wk inc rsv hosp,2026-03-14,49,quantile,0.99,99.49697033333332
2026-02-21,3,wk inc rsv hosp,2026-03-14,US,quantile,0.01,4129.232750000001
2026-02-21,3,wk inc rsv hosp,2026-03-14,US,quantile,0.025,4129.232750000001
2026-02-21,3,wk inc rsv hosp,2026-03-14,US,quantile,0.05,4129.232750000001
2026-02-21,3,wk inc rsv hosp,2026-03-14,US,quantile,0.1,4129.232750000001
2026-02-21,3,wk inc rsv hosp,2026-03-14,US,quantile,0.15,4129.232750000001
2026-02-21,3,wk inc rsv hosp,2026-03-14,US,quantile,0.2,4129.232750000001
2026-02-21,3,wk inc rsv hosp,2026-03-14,US,quantile,0.25,4226.897542342859
2026-02-21,3,wk inc rsv hosp,2026-03-14,US,quantile,0.3,4764.05390022857
2026-02-21,3,wk inc rsv hosp,2026-03-14,US,quantile,0.35,5546.041204440636
2026-02-21,3,wk inc rsv hosp,2026-03-14,US,quantile,0.4,5973.071115242665
2026-02-21,3,wk inc rsv hosp,2026-03-14,US,quantile,0.45,6419.247931300003
2026-02-21,3,wk inc rsv hosp,2026-03-14,US,quantile,0.5,6452.920881666667
2026-02-21,3,wk inc rsv hosp,2026-03-14,US,quantile,0.55,6479.966335366665
2026-02-21,3,wk inc rsv hosp,2026-03-14,US,quantile,0.6,6926.143151424003
2026-02-21,3,wk inc rsv hosp,2026-03-14,US,quantile,0.65,7353.173062226032
2026-02-21,3,wk inc rsv hosp,2026-03-14,US,quantile,0.7,8135.160366438098
2026-02-21,3,wk inc rsv hosp,2026-03-14,US,quantile,0.75,8672.31672432381
2026-02-21,3,wk inc rsv hosp,2026-03-14,US,quantile,0.8,8769.981516666667
2026-02-21,3,wk inc rsv hosp,2026-03-14,US,quantile,0.85,8769.981516666667
2026-02-21,3,wk inc rsv hosp,2026-03-14,US,quantile,0.9,8769.981516666667
2026-02-21,3,wk inc rsv hosp,2026-03-14,US,quantile,0.95,8769.981516666667
2026-02-21,3,wk inc rsv hosp,2026-03-14,US,quantile,0.975,8769.981516666667
2026-02-21,3,wk inc rsv hosp,2026-03-14,US,quantile,0.99,8769.981516666667
